Author,Text,Source
abelard,dialogus.txt,abelard/dialogus.txt
abelard,epistola.txt,abelard/epistola.txt
abelard,historia.txt,abelard/historia.txt
addison,barometri.txt,addison/barometri.txt
addison,burnett.txt,addison/burnett.txt
addison,hannes.txt,addison/hannes.txt
addison,machinae.txt,addison/machinae.txt
addison,pax.txt,addison/pax.txt
addison,praelium.txt,addison/praelium.txt
addison,preface.txt,addison/preface.txt
addison,resurr.txt,addison/resurr.txt
addison,sphaer.txt,addison/sphaer.txt
alanus,alanus1.txt,alanus/alanus1.txt
alanus,alanus2.txt,alanus/alanus2.txt
albertanus,albertanus.arsloquendi.txt,albertanus/albertanus.arsloquendi.txt
albertanus,albertanus.liberconsol.txt,albertanus/albertanus.liberconsol.txt
albertanus,albertanus.sermo.txt,albertanus/albertanus.sermo.txt
albertanus,albertanus.sermo1.txt,albertanus/albertanus.sermo1.txt
albertanus,albertanus.sermo2.txt,albertanus/albertanus.sermo2.txt
albertanus,albertanus.sermo3.txt,albertanus/albertanus.sermo3.txt
albertanus,albertanus.sermo4.txt,albertanus/albertanus.sermo4.txt
albertanus,albertanus1.txt,albertanus/albertanus1.txt
albertanus,albertanus2.txt,albertanus/albertanus2.txt
albertanus,albertanus3.txt,albertanus/albertanus3.txt
albertanus,albertanus4.txt,albertanus/albertanus4.txt
albertofaix,hist1.txt,albertofaix/hist1.txt
albertofaix,hist10.txt,albertofaix/hist10.txt
albertofaix,hist11.txt,albertofaix/hist11.txt
albertofaix,hist12.txt,albertofaix/hist12.txt
albertofaix,hist2.txt,albertofaix/hist2.txt
albertofaix,hist3.txt,albertofaix/hist3.txt
albertofaix,hist4.txt,albertofaix/hist4.txt
albertofaix,hist5.txt,albertofaix/hist5.txt
albertofaix,hist6.txt,albertofaix/hist6.txt
albertofaix,hist7.txt,albertofaix/hist7.txt
albertofaix,hist8.txt,albertofaix/hist8.txt
albertofaix,hist9.txt,albertofaix/hist9.txt
alcuin,cella.txt,alcuin/cella.txt
alcuin,conflictus.txt,alcuin/conflictus.txt
alcuin,epitaphium.txt,alcuin/epitaphium.txt
alcuin,luscinia.txt,alcuin/luscinia.txt
alcuin,propos.txt,alcuin/propos.txt
alcuin,rec.txt,alcuin/rec.txt
alcuin,rhetorica.txt,alcuin/rhetorica.txt
alcuin,sequentia.txt,alcuin/sequentia.txt
alcuin,versus.txt,alcuin/versus.txt
ambrose,epist.txt,ambrose/epist.txt
ambrose,epistvaria.txt,ambrose/epistvaria.txt
ambrose,hymns.txt,ambrose/hymns.txt
ambrose,mysteriis.txt,ambrose/mysteriis.txt
ammianus,14.txt,ammianus/14.txt
ammianus,15.txt,ammianus/15.txt
ammianus,16.txt,ammianus/16.txt
ammianus,17.txt,ammianus/17.txt
ammianus,18.txt,ammianus/18.txt
ammianus,19.txt,ammianus/19.txt
ammianus,20.txt,ammianus/20.txt
ammianus,21.txt,ammianus/21.txt
ammianus,22.txt,ammianus/22.txt
ammianus,23.txt,ammianus/23.txt
ammianus,24.txt,ammianus/24.txt
ammianus,25.txt,ammianus/25.txt
ammianus,26.txt,ammianus/26.txt
ammianus,27.txt,ammianus/27.txt
ammianus,28.txt,ammianus/28.txt
ammianus,29.txt,ammianus/29.txt
ammianus,30.txt,ammianus/30.txt
ammianus,31.txt,ammianus/31.txt
apicius,apicius1.txt,apicius/apicius1.txt
apicius,apicius2.txt,apicius/apicius2.txt
apicius,apicius3.txt,apicius/apicius3.txt
apicius,apicius4.txt,apicius/apicius4.txt
apicius,apicius5.txt,apicius/apicius5.txt
apuleius,apuleius.apol.txt,apuleius/apuleius.apol.txt
apuleius,apuleius.cupid.txt,apuleius/apuleius.cupid.txt
apuleius,apuleius.deosocratis.txt,apuleius/apuleius.deosocratis.txt
apuleius,apuleius.dog1.txt,apuleius/apuleius.dog1.txt
apuleius,apuleius.dog2.txt,apuleius/apuleius.dog2.txt
apuleius,apuleius.florida.txt,apuleius/apuleius.florida.txt
apuleius,apuleius.mundo.txt,apuleius/apuleius.mundo.txt
apuleius,apuleius1.txt,apuleius/apuleius1.txt
apuleius,apuleius10.txt,apuleius/apuleius10.txt
apuleius,apuleius11.txt,apuleius/apuleius11.txt
apuleius,apuleius2.txt,apuleius/apuleius2.txt
apuleius,apuleius3.txt,apuleius/apuleius3.txt
apuleius,apuleius4.txt,apuleius/apuleius4.txt
apuleius,apuleius5.txt,apuleius/apuleius5.txt
apuleius,apuleius6.txt,apuleius/apuleius6.txt
apuleius,apuleius7.txt,apuleius/apuleius7.txt
apuleius,apuleius8.txt,apuleius/apuleius8.txt
apuleius,apuleius9.txt,apuleius/apuleius9.txt
aquinas,corpuschristi.txt,aquinas/corpuschristi.txt
aquinas,ente.txt,aquinas/ente.txt
aquinas,epist.txt,aquinas/epist.txt
aquinas,expositio.txt,aquinas/expositio.txt
aquinas,p1.txt,aquinas/p1.txt
aquinas,princ.txt,aquinas/princ.txt
aquinas,prologus.txt,aquinas/prologus.txt
aquinas,q1.1.txt,aquinas/q1.1.txt
aquinas,q1.10.txt,aquinas/q1.10.txt
aquinas,q1.11.txt,aquinas/q1.11.txt
aquinas,q1.12.txt,aquinas/q1.12.txt
aquinas,q1.13.txt,aquinas/q1.13.txt
aquinas,q1.14.txt,aquinas/q1.14.txt
aquinas,q1.15.txt,aquinas/q1.15.txt
aquinas,q1.16.txt,aquinas/q1.16.txt
aquinas,q1.17.txt,aquinas/q1.17.txt
aquinas,q1.18.txt,aquinas/q1.18.txt
aquinas,q1.19.txt,aquinas/q1.19.txt
aquinas,q1.2.txt,aquinas/q1.2.txt
aquinas,q1.20.txt,aquinas/q1.20.txt
aquinas,q1.21.txt,aquinas/q1.21.txt
aquinas,q1.22.txt,aquinas/q1.22.txt
aquinas,q1.23.txt,aquinas/q1.23.txt
aquinas,q1.24.txt,aquinas/q1.24.txt
aquinas,q1.25.txt,aquinas/q1.25.txt
aquinas,q1.26.txt,aquinas/q1.26.txt
aquinas,q1.27.txt,aquinas/q1.27.txt
aquinas,q1.28.txt,aquinas/q1.28.txt
aquinas,q1.29.txt,aquinas/q1.29.txt
aquinas,q1.3.txt,aquinas/q1.3.txt
aquinas,q1.30.txt,aquinas/q1.30.txt
aquinas,q1.31.txt,aquinas/q1.31.txt
aquinas,q1.32.txt,aquinas/q1.32.txt
aquinas,q1.33.txt,aquinas/q1.33.txt
aquinas,q1.34.txt,aquinas/q1.34.txt
aquinas,q1.35.txt,aquinas/q1.35.txt
aquinas,q1.36.txt,aquinas/q1.36.txt
aquinas,q1.37.txt,aquinas/q1.37.txt
aquinas,q1.38.txt,aquinas/q1.38.txt
aquinas,q1.39.txt,aquinas/q1.39.txt
aquinas,q1.4.txt,aquinas/q1.4.txt
aquinas,q1.40.txt,aquinas/q1.40.txt
aquinas,q1.41.txt,aquinas/q1.41.txt
aquinas,q1.42.txt,aquinas/q1.42.txt
aquinas,q1.43.txt,aquinas/q1.43.txt
aquinas,q1.44.txt,aquinas/q1.44.txt
aquinas,q1.45.txt,aquinas/q1.45.txt
aquinas,q1.46.txt,aquinas/q1.46.txt
aquinas,q1.47.txt,aquinas/q1.47.txt
aquinas,q1.48.txt,aquinas/q1.48.txt
aquinas,q1.49.txt,aquinas/q1.49.txt
aquinas,q1.5.txt,aquinas/q1.5.txt
aquinas,q1.50.txt,aquinas/q1.50.txt
aquinas,q1.51.txt,aquinas/q1.51.txt
aquinas,q1.52.txt,aquinas/q1.52.txt
aquinas,q1.53.txt,aquinas/q1.53.txt
aquinas,q1.54.txt,aquinas/q1.54.txt
aquinas,q1.55.txt,aquinas/q1.55.txt
aquinas,q1.56.txt,aquinas/q1.56.txt
aquinas,q1.57.txt,aquinas/q1.57.txt
aquinas,q1.58.txt,aquinas/q1.58.txt
aquinas,q1.59.txt,aquinas/q1.59.txt
aquinas,q1.6.txt,aquinas/q1.6.txt
aquinas,q1.60.txt,aquinas/q1.60.txt
aquinas,q1.61.txt,aquinas/q1.61.txt
aquinas,q1.62.txt,aquinas/q1.62.txt
aquinas,q1.63.txt,aquinas/q1.63.txt
aquinas,q1.64.txt,aquinas/q1.64.txt
aquinas,q1.65.txt,aquinas/q1.65.txt
aquinas,q1.66.txt,aquinas/q1.66.txt
aquinas,q1.67.txt,aquinas/q1.67.txt
aquinas,q1.68.txt,aquinas/q1.68.txt
aquinas,q1.69.txt,aquinas/q1.69.txt
aquinas,q1.7.txt,aquinas/q1.7.txt
aquinas,q1.70.txt,aquinas/q1.70.txt
aquinas,q1.71.txt,aquinas/q1.71.txt
aquinas,q1.72.txt,aquinas/q1.72.txt
aquinas,q1.73.txt,aquinas/q1.73.txt
aquinas,q1.74.txt,aquinas/q1.74.txt
aquinas,q1.8.txt,aquinas/q1.8.txt
aquinas,q1.80.txt,aquinas/q1.80.txt
aquinas,q1.81.txt,aquinas/q1.81.txt
aquinas,q1.82.txt,aquinas/q1.82.txt
aquinas,q1.83.txt,aquinas/q1.83.txt
aquinas,q1.86.txt,aquinas/q1.86.txt
aquinas,q1.87.txt,aquinas/q1.87.txt
aquinas,q1.9.txt,aquinas/q1.9.txt
arnobius,arnobius1.txt,arnobius/arnobius1.txt
arnobius,arnobius2.txt,arnobius/arnobius2.txt
arnobius,arnobius3.txt,arnobius/arnobius3.txt
arnobius,arnobius4.txt,arnobius/arnobius4.txt
arnobius,arnobius5.txt,arnobius/arnobius5.txt
arnobius,arnobius6.txt,arnobius/arnobius6.txt
arnobius,arnobius7.txt,arnobius/arnobius7.txt
augustine,catechizandis.txt,augustine/catechizandis.txt
augustine,civ1.txt,augustine/civ1.txt
augustine,civ10.txt,augustine/civ10.txt
augustine,civ11.txt,augustine/civ11.txt
augustine,civ12.txt,augustine/civ12.txt
augustine,civ13.txt,augustine/civ13.txt
augustine,civ14.txt,augustine/civ14.txt
augustine,civ15.txt,augustine/civ15.txt
augustine,civ16.txt,augustine/civ16.txt
augustine,civ17.txt,augustine/civ17.txt
augustine,civ18.txt,augustine/civ18.txt
augustine,civ19.txt,augustine/civ19.txt
augustine,civ2.txt,augustine/civ2.txt
augustine,civ20.txt,augustine/civ20.txt
augustine,civ21.txt,augustine/civ21.txt
augustine,civ22.txt,augustine/civ22.txt
augustine,civ3.txt,augustine/civ3.txt
augustine,civ4.txt,augustine/civ4.txt
augustine,civ5.txt,augustine/civ5.txt
augustine,civ6.txt,augustine/civ6.txt
augustine,civ7.txt,augustine/civ7.txt
augustine,civ8.txt,augustine/civ8.txt
augustine,civ9.txt,augustine/civ9.txt
augustine,conf1.txt,augustine/conf1.txt
augustine,conf10.txt,augustine/conf10.txt
augustine,conf11.txt,augustine/conf11.txt
augustine,conf12.txt,augustine/conf12.txt
augustine,conf13.txt,augustine/conf13.txt
augustine,conf2.txt,augustine/conf2.txt
augustine,conf3.txt,augustine/conf3.txt
augustine,conf4.txt,augustine/conf4.txt
augustine,conf5.txt,augustine/conf5.txt
augustine,conf6.txt,augustine/conf6.txt
augustine,conf7.txt,augustine/conf7.txt
augustine,conf8.txt,augustine/conf8.txt
augustine,conf9.txt,augustine/conf9.txt
augustine,dia.txt,augustine/dia.txt
augustine,epistula.txt,augustine/epistula.txt
augustine,fide.txt,augustine/fide.txt
augustine,iulianus1.txt,augustine/iulianus1.txt
augustine,iulianus2.txt,augustine/iulianus2.txt
augustine,reg.txt,augustine/reg.txt
augustine,serm1.txt,augustine/serm1.txt
augustine,serm10.txt,augustine/serm10.txt
augustine,serm11.txt,augustine/serm11.txt
augustine,serm12.txt,augustine/serm12.txt
augustine,serm13.txt,augustine/serm13.txt
augustine,serm14.txt,augustine/serm14.txt
augustine,serm15.txt,augustine/serm15.txt
augustine,serm16.txt,augustine/serm16.txt
augustine,serm17.txt,augustine/serm17.txt
augustine,serm18.txt,augustine/serm18.txt
augustine,serm19.txt,augustine/serm19.txt
augustine,serm2.txt,augustine/serm2.txt
augustine,serm20.txt,augustine/serm20.txt
augustine,serm4.txt,augustine/serm4.txt
augustine,serm5.txt,augustine/serm5.txt
augustine,serm6.txt,augustine/serm6.txt
augustine,serm7.txt,augustine/serm7.txt
augustine,serm71.txt,augustine/serm71.txt
augustine,serm72.txt,augustine/serm72.txt
augustine,serm73.txt,augustine/serm73.txt
augustine,serm74.txt,augustine/serm74.txt
augustine,serm75.txt,augustine/serm75.txt
augustine,serm76.txt,augustine/serm76.txt
augustine,serm77.txt,augustine/serm77.txt
augustine,serm78.txt,augustine/serm78.txt
augustine,serm79.txt,augustine/serm79.txt
augustine,serm8.txt,augustine/serm8.txt
augustine,serm80.txt,augustine/serm80.txt
augustine,serm81.txt,augustine/serm81.txt
augustine,serm82.txt,augustine/serm82.txt
augustine,serm83.txt,augustine/serm83.txt
augustine,serm87.txt,augustine/serm87.txt
augustine,serm88.txt,augustine/serm88.txt
augustine,serm9.txt,augustine/serm9.txt
augustine,serm90.txt,augustine/serm90.txt
augustine,serm92.txt,augustine/serm92.txt
augustine,serm95.txt,augustine/serm95.txt
augustine,serm99.txt,augustine/serm99.txt
augustine,trin1.txt,augustine/trin1.txt
augustine,trin10.txt,augustine/trin10.txt
augustine,trin11.txt,augustine/trin11.txt
augustine,trin12.txt,augustine/trin12.txt
augustine,trin13.txt,augustine/trin13.txt
augustine,trin14.txt,augustine/trin14.txt
augustine,trin15.txt,augustine/trin15.txt
augustine,trin2.txt,augustine/trin2.txt
augustine,trin3.txt,augustine/trin3.txt
augustine,trin4.txt,augustine/trin4.txt
augustine,trin5.txt,augustine/trin5.txt
augustine,trin6.txt,augustine/trin6.txt
augustine,trin7.txt,augustine/trin7.txt
augustine,trin8.txt,augustine/trin8.txt
augustine,trin9.txt,augustine/trin9.txt
bacon,bacon.distributio.txt,bacon/bacon.distributio.txt
bacon,bacon.epistola.txt,bacon/bacon.epistola.txt
bacon,bacon.hist1.txt,bacon/bacon.hist1.txt
bacon,bacon.hist10.txt,bacon/bacon.hist10.txt
bacon,bacon.hist11.txt,bacon/bacon.hist11.txt
bacon,bacon.hist2.txt,bacon/bacon.hist2.txt
bacon,bacon.hist3.txt,bacon/bacon.hist3.txt
bacon,bacon.hist4.txt,bacon/bacon.hist4.txt
bacon,bacon.hist5.txt,bacon/bacon.hist5.txt
bacon,bacon.hist6.txt,bacon/bacon.hist6.txt
bacon,bacon.hist7.txt,bacon/bacon.hist7.txt
bacon,bacon.hist8.txt,bacon/bacon.hist8.txt
bacon,bacon.hist9.txt,bacon/bacon.hist9.txt
bacon,bacon.intro.txt,bacon/bacon.intro.txt
bacon,bacon.liber1.txt,bacon/bacon.liber1.txt
bacon,bacon.liber2.txt,bacon/bacon.liber2.txt
bacon,bacon.praefatio.txt,bacon/bacon.praefatio.txt
bacon,bacon.praefatio2.txt,bacon/bacon.praefatio2.txt
bacon,bacon.sermones.txt,bacon/bacon.sermones.txt
bacon,bacon.titlepage.txt,bacon/bacon.titlepage.txt
bede,bede1.txt,bede/bede1.txt
bede,bede2.txt,bede/bede2.txt
bede,bede3.txt,bede/bede3.txt
bede,bede4.txt,bede/bede4.txt
bede,bede5.txt,bede/bede5.txt
bede,bedecontinuatio.txt,bede/bedecontinuatio.txt
bede,bedepraef.txt,bede/bedepraef.txt
bede,bedeproverbs.txt,bede/bedeproverbs.txt
bible,acts.txt,bible/acts.txt
bible,amos.txt,bible/amos.txt
bible,baruch.txt,bible/baruch.txt
bible,chronicles1.txt,bible/chronicles1.txt
bible,chronicles2.txt,bible/chronicles2.txt
bible,colossians.txt,bible/colossians.txt
bible,corinthians1.txt,bible/corinthians1.txt
bible,corinthians2.txt,bible/corinthians2.txt
bible,daniel.txt,bible/daniel.txt
bible,deuteronomy.txt,bible/deuteronomy.txt
bible,ecclesiastes.txt,bible/ecclesiastes.txt
bible,ephesians.txt,bible/ephesians.txt
bible,esdras1.txt,bible/esdras1.txt
bible,esdras2.txt,bible/esdras2.txt
bible,esther.txt,bible/esther.txt
bible,exodus.txt,bible/exodus.txt
bible,ezekiel.txt,bible/ezekiel.txt
bible,ezra.txt,bible/ezra.txt
bible,galatians.txt,bible/galatians.txt
bible,genesis.txt,bible/genesis.txt
bible,habakkuk.txt,bible/habakkuk.txt
bible,haggai.txt,bible/haggai.txt
bible,hebrews.txt,bible/hebrews.txt
bible,hosea.txt,bible/hosea.txt
bible,isaiah.txt,bible/isaiah.txt
bible,james.txt,bible/james.txt
bible,jeremiah.txt,bible/jeremiah.txt
bible,job.txt,bible/job.txt
bible,joel.txt,bible/joel.txt
bible,john.txt,bible/john.txt
bible,john1.txt,bible/john1.txt
bible,john2.txt,bible/john2.txt
bible,john3.txt,bible/john3.txt
bible,jonah.txt,bible/jonah.txt
bible,joshua.txt,bible/joshua.txt
bible,jude.txt,bible/jude.txt
bible,judges.txt,bible/judges.txt
bible,judith.txt,bible/judith.txt
bible,kings1.txt,bible/kings1.txt
bible,kings2.txt,bible/kings2.txt
bible,lamentations.txt,bible/lamentations.txt
bible,leviticus.txt,bible/leviticus.txt
bible,luke.txt,bible/luke.txt
bible,macabees1.txt,bible/macabees1.txt
bible,macabees2.txt,bible/macabees2.txt
bible,malachias.txt,bible/malachias.txt
bible,manasses.txt,bible/manasses.txt
bible,mark.txt,bible/mark.txt
bible,matthew.txt,bible/matthew.txt
bible,micah.txt,bible/micah.txt
bible,nahum.txt,bible/nahum.txt
bible,nehemiah.txt,bible/nehemiah.txt
bible,numbers.txt,bible/numbers.txt
bible,obadiah.txt,bible/obadiah.txt
bible,peter1.txt,bible/peter1.txt
bible,peter2.txt,bible/peter2.txt
bible,philemon.txt,bible/philemon.txt
bible,philip.txt,bible/philip.txt
bible,prologi.txt,bible/prologi.txt
bible,proverbs.txt,bible/proverbs.txt
bible,psalms.txt,bible/psalms.txt
bible,revelation.txt,bible/revelation.txt
bible,romans.txt,bible/romans.txt
bible,ruth.txt,bible/ruth.txt
bible,samuel1.txt,bible/samuel1.txt
bible,samuel2.txt,bible/samuel2.txt
bible,sirach.txt,bible/sirach.txt
bible,songofsongs.txt,bible/songofsongs.txt
bible,thessalonians1.txt,bible/thessalonians1.txt
bible,thessalonians2.txt,bible/thessalonians2.txt
bible,timothy1.txt,bible/timothy1.txt
bible,timothy2.txt,bible/timothy2.txt
bible,titum.txt,bible/titum.txt
bible,tobia.txt,bible/tobia.txt
bible,wisdom.txt,bible/wisdom.txt
bible,zacharias.txt,bible/zacharias.txt
bible,zephaniah.txt,bible/zephaniah.txt
boethiusdacia,deaeternitate.txt,boethiusdacia/deaeternitate.txt
boethiusdacia,desummobono.txt,boethiusdacia/desummobono.txt
bultelius,bultelius1.txt,bultelius/bultelius1.txt
bultelius,bultelius2.txt,bultelius/bultelius2.txt
caesar,alex.txt,caesar/alex.txt
caesar,bc1.txt,caesar/bc1.txt
caesar,bc2.txt,caesar/bc2.txt
caesar,bc3.txt,caesar/bc3.txt
caesar,bellafr.txt,caesar/bellafr.txt
caesar,gall1.txt,caesar/gall1.txt
caesar,gall2.txt,caesar/gall2.txt
caesar,gall3.txt,caesar/gall3.txt
caesar,gall4.txt,caesar/gall4.txt
caesar,gall5.txt,caesar/gall5.txt
caesar,gall6.txt,caesar/gall6.txt
caesar,gall7.txt,caesar/gall7.txt
caesar,gall8.txt,caesar/gall8.txt
caesar,hisp.txt,caesar/hisp.txt
campion,campion.elegies.txt,campion/campion.elegies.txt
campion,campion.epigr1.txt,campion/campion.epigr1.txt
campion,campion.epigr2.txt,campion/campion.epigr2.txt
campion,campion.misc.txt,campion/campion.misc.txt
campion,campion.plot1.txt,campion/campion.plot1.txt
campion,campion.plot2.txt,campion/campion.plot2.txt
campion,campion.thamesin.txt,campion/campion.thamesin.txt
campion,campion.umbra.txt,campion/campion.umbra.txt
capellanus,capellanus1.txt,capellanus/capellanus1.txt
capellanus,capellanus2.txt,capellanus/capellanus2.txt
capellanus,capellanus3.txt,capellanus/capellanus3.txt
cassiodorus,anima.txt,cassiodorus/anima.txt
cassiodorus,epist.txt,cassiodorus/epist.txt
cassiodorus,musica.txt,cassiodorus/musica.txt
cassiodorus,orationes.txt,cassiodorus/orationes.txt
cassiodorus,varia.praef.txt,cassiodorus/varia.praef.txt
cassiodorus,varia1.txt,cassiodorus/varia1.txt
cassiodorus,varia10.txt,cassiodorus/varia10.txt
cassiodorus,varia11.txt,cassiodorus/varia11.txt
cassiodorus,varia12.txt,cassiodorus/varia12.txt
cassiodorus,varia2.txt,cassiodorus/varia2.txt
cassiodorus,varia3.txt,cassiodorus/varia3.txt
cassiodorus,varia4.txt,cassiodorus/varia4.txt
cassiodorus,varia5.txt,cassiodorus/varia5.txt
cassiodorus,varia6.txt,cassiodorus/varia6.txt
cassiodorus,varia7.txt,cassiodorus/varia7.txt
cassiodorus,varia8.txt,cassiodorus/varia8.txt
cassiodorus,varia9.txt,cassiodorus/varia9.txt
cato,cato.agri.txt,cato/cato.agri.txt
cato,cato.frag.txt,cato/cato.frag.txt
cicero,acad.txt,cicero/acad.txt
cicero,adbrutum1.txt,cicero/adbrutum1.txt
cicero,adbrutum2.txt,cicero/adbrutum2.txt
cicero,amic.txt,cicero/amic.txt
cicero,arch.txt,cicero/arch.txt
cicero,att1.txt,cicero/att1.txt
cicero,att10.txt,cicero/att10.txt
cicero,att11.txt,cicero/att11.txt
cicero,att12.txt,cicero/att12.txt
cicero,att13.txt,cicero/att13.txt
cicero,att14.txt,cicero/att14.txt
cicero,att15.txt,cicero/att15.txt
cicero,att16.txt,cicero/att16.txt
cicero,att2.txt,cicero/att2.txt
cicero,att3.txt,cicero/att3.txt
cicero,att4.txt,cicero/att4.txt
cicero,att5.txt,cicero/att5.txt
cicero,att6.txt,cicero/att6.txt
cicero,att7.txt,cicero/att7.txt
cicero,att8.txt,cicero/att8.txt
cicero,att9.txt,cicero/att9.txt
cicero,balbo.txt,cicero/balbo.txt
cicero,brut.txt,cicero/brut.txt
cicero,caecilium.txt,cicero/caecilium.txt
cicero,caecina.txt,cicero/caecina.txt
cicero,cael.txt,cicero/cael.txt
cicero,cat1.txt,cicero/cat1.txt
cicero,cat2.txt,cicero/cat2.txt
cicero,cat3.txt,cicero/cat3.txt
cicero,cat4.txt,cicero/cat4.txt
cicero,cluentio.txt,cicero/cluentio.txt
cicero,compet.txt,cicero/compet.txt
cicero,consulatu.txt,cicero/consulatu.txt
cicero,deio.txt,cicero/deio.txt
cicero,divinatione1.txt,cicero/divinatione1.txt
cicero,divinatione2.txt,cicero/divinatione2.txt
cicero,domo.txt,cicero/domo.txt
cicero,fam1.txt,cicero/fam1.txt
cicero,fam10.txt,cicero/fam10.txt
cicero,fam11.txt,cicero/fam11.txt
cicero,fam12.txt,cicero/fam12.txt
cicero,fam13.txt,cicero/fam13.txt
cicero,fam14.txt,cicero/fam14.txt
cicero,fam15.txt,cicero/fam15.txt
cicero,fam16.txt,cicero/fam16.txt
cicero,fam2.txt,cicero/fam2.txt
cicero,fam3.txt,cicero/fam3.txt
cicero,fam4.txt,cicero/fam4.txt
cicero,fam5.txt,cicero/fam5.txt
cicero,fam6.txt,cicero/fam6.txt
cicero,fam7.txt,cicero/fam7.txt
cicero,fam8.txt,cicero/fam8.txt
cicero,fam9.txt,cicero/fam9.txt
cicero,fato.txt,cicero/fato.txt
cicero,fin1.txt,cicero/fin1.txt
cicero,fin2.txt,cicero/fin2.txt
cicero,fin3.txt,cicero/fin3.txt
cicero,fin4.txt,cicero/fin4.txt
cicero,fin5.txt,cicero/fin5.txt
cicero,flacco.txt,cicero/flacco.txt
cicero,fonteio.txt,cicero/fonteio.txt
cicero,fratrem1.txt,cicero/fratrem1.txt
cicero,fratrem2.txt,cicero/fratrem2.txt
cicero,fratrem3.txt,cicero/fratrem3.txt
cicero,haruspicum.txt,cicero/haruspicum.txt
cicero,imp.txt,cicero/imp.txt
cicero,inventione1.txt,cicero/inventione1.txt
cicero,inventione2.txt,cicero/inventione2.txt
cicero,leg1.txt,cicero/leg1.txt
cicero,leg2.txt,cicero/leg2.txt
cicero,leg3.txt,cicero/leg3.txt
cicero,legagr1.txt,cicero/legagr1.txt
cicero,legagr2.txt,cicero/legagr2.txt
cicero,legagr3.txt,cicero/legagr3.txt
cicero,lig.txt,cicero/lig.txt
cicero,marc.txt,cicero/marc.txt
cicero,milo.txt,cicero/milo.txt
cicero,murena.txt,cicero/murena.txt
cicero,nd1.txt,cicero/nd1.txt
cicero,nd2.txt,cicero/nd2.txt
cicero,nd3.txt,cicero/nd3.txt
cicero,off1.txt,cicero/off1.txt
cicero,off2.txt,cicero/off2.txt
cicero,off3.txt,cicero/off3.txt
cicero,optgen.txt,cicero/optgen.txt
cicero,orator.txt,cicero/orator.txt
cicero,oratore1.txt,cicero/oratore1.txt
cicero,oratore2.txt,cicero/oratore2.txt
cicero,oratore3.txt,cicero/oratore3.txt
cicero,paradoxa.txt,cicero/paradoxa.txt
cicero,partitione.txt,cicero/partitione.txt
cicero,phil1.txt,cicero/phil1.txt
cicero,phil10.txt,cicero/phil10.txt
cicero,phil11.txt,cicero/phil11.txt
cicero,phil12.txt,cicero/phil12.txt
cicero,phil13.txt,cicero/phil13.txt
cicero,phil14.txt,cicero/phil14.txt
cicero,phil2.txt,cicero/phil2.txt
cicero,phil3.txt,cicero/phil3.txt
cicero,phil4.txt,cicero/phil4.txt
cicero,phil5.txt,cicero/phil5.txt
cicero,phil6.txt,cicero/phil6.txt
cicero,phil7.txt,cicero/phil7.txt
cicero,phil8.txt,cicero/phil8.txt
cicero,phil9.txt,cicero/phil9.txt
cicero,piso.txt,cicero/piso.txt
cicero,plancio.txt,cicero/plancio.txt
cicero,postreditum.txt,cicero/postreditum.txt
cicero,postreditum2.txt,cicero/postreditum2.txt
cicero,prov.txt,cicero/prov.txt
cicero,quinc.txt,cicero/quinc.txt
cicero,rabirio.txt,cicero/rabirio.txt
cicero,rabiriopost.txt,cicero/rabiriopost.txt
cicero,repub1.txt,cicero/repub1.txt
cicero,repub2.txt,cicero/repub2.txt
cicero,repub3.txt,cicero/repub3.txt
cicero,repub4.txt,cicero/repub4.txt
cicero,repub5.txt,cicero/repub5.txt
cicero,repub6.txt,cicero/repub6.txt
cicero,rosccom.txt,cicero/rosccom.txt
cicero,scauro.txt,cicero/scauro.txt
cicero,senectute.txt,cicero/senectute.txt
cicero,sestio.txt,cicero/sestio.txt
cicero,sex.rosc.txt,cicero/sex.rosc.txt
cicero,sulla.txt,cicero/sulla.txt
cicero,topica.txt,cicero/topica.txt
cicero,tusc1.txt,cicero/tusc1.txt
cicero,tusc2.txt,cicero/tusc2.txt
cicero,tusc3.txt,cicero/tusc3.txt
cicero,tusc4.txt,cicero/tusc4.txt
cicero,tusc5.txt,cicero/tusc5.txt
cicero,vatin.txt,cicero/vatin.txt
cicero,ver1.txt,cicero/ver1.txt
cicero,verres.2.1.txt,cicero/verres.2.1.txt
cicero,verres.2.2.txt,cicero/verres.2.2.txt
cicero,verres.2.3.txt,cicero/verres.2.3.txt
cicero,verres.2.4.txt,cicero/verres.2.4.txt
cicero,verres.2.5.txt,cicero/verres.2.5.txt
claudian,claudian.cons6.txt,claudian/claudian.cons6.txt
claudian,claudian.olyb.txt,claudian/claudian.olyb.txt
claudian,claudian.proserp1.txt,claudian/claudian.proserp1.txt
claudian,claudian.proserp2.txt,claudian/claudian.proserp2.txt
claudian,claudian.proserp3.txt,claudian/claudian.proserp3.txt
claudian,claudian.ruf1.txt,claudian/claudian.ruf1.txt
columella,columella.arbor.txt,columella/columella.arbor.txt
columella,columella.rr1.txt,columella/columella.rr1.txt
columella,columella.rr10.txt,columella/columella.rr10.txt
columella,columella.rr11.txt,columella/columella.rr11.txt
columella,columella.rr12.txt,columella/columella.rr12.txt
columella,columella.rr2.txt,columella/columella.rr2.txt
columella,columella.rr3.txt,columella/columella.rr3.txt
columella,columella.rr4.txt,columella/columella.rr4.txt
columella,columella.rr5.txt,columella/columella.rr5.txt
columella,columella.rr6.txt,columella/columella.rr6.txt
columella,columella.rr7.txt,columella/columella.rr7.txt
columella,columella.rr8.txt,columella/columella.rr8.txt
columella,columella.rr9.txt,columella/columella.rr9.txt
commodianus,commodianus1.txt,commodianus/commodianus1.txt
commodianus,commodianus2.txt,commodianus/commodianus2.txt
commodianus,commodianus3.txt,commodianus/commodianus3.txt
curtius,curtius10.txt,curtius/curtius10.txt
curtius,curtius3.txt,curtius/curtius3.txt
curtius,curtius4.txt,curtius/curtius4.txt
curtius,curtius5.txt,curtius/curtius5.txt
curtius,curtius6.txt,curtius/curtius6.txt
curtius,curtius7.txt,curtius/curtius7.txt
curtius,curtius8.txt,curtius/curtius8.txt
curtius,curtius9.txt,curtius/curtius9.txt
dante,ec1.txt,dante/ec1.txt
dante,ep.txt,dante/ep.txt
dante,mon1.txt,dante/mon1.txt
dante,mon2.txt,dante/mon2.txt
dante,mon3.txt,dante/mon3.txt
dante,vulgar.txt,dante/vulgar.txt
dante,vulgar2.txt,dante/vulgar2.txt
descartes,des.ep.txt,descartes/des.ep.txt
descartes,des.med1.txt,descartes/des.med1.txt
descartes,des.med2.txt,descartes/des.med2.txt
descartes,des.med3.txt,descartes/des.med3.txt
descartes,des.med4.txt,descartes/des.med4.txt
descartes,des.med5.txt,descartes/des.med5.txt
descartes,des.med6.txt,descartes/des.med6.txt
descartes,des.pr.txt,descartes/des.pr.txt
descartes,des.syn.txt,descartes/des.syn.txt
erasmus,antibarb.txt,erasmus/antibarb.txt
erasmus,coll.txt,erasmus/coll.txt
erasmus,ep.txt,erasmus/ep.txt
erasmus,inst.txt,erasmus/inst.txt
erasmus,laude.txt,erasmus/laude.txt
erasmus,moriae.txt,erasmus/moriae.txt
erasmus,querela.txt,erasmus/querela.txt
eutropius,eutropius1.txt,eutropius/eutropius1.txt
eutropius,eutropius10.txt,eutropius/eutropius10.txt
eutropius,eutropius2.txt,eutropius/eutropius2.txt
eutropius,eutropius3.txt,eutropius/eutropius3.txt
eutropius,eutropius4.txt,eutropius/eutropius4.txt
eutropius,eutropius5.txt,eutropius/eutropius5.txt
eutropius,eutropius6.txt,eutropius/eutropius6.txt
eutropius,eutropius7.txt,eutropius/eutropius7.txt
eutropius,eutropius8.txt,eutropius/eutropius8.txt
eutropius,eutropius9.txt,eutropius/eutropius9.txt
frontinus,aqua1.txt,frontinus/aqua1.txt
frontinus,aqua2.txt,frontinus/aqua2.txt
frontinus,contro.txt,frontinus/contro.txt
frontinus,lim.txt,frontinus/lim.txt
frontinus,mensoria.txt,frontinus/mensoria.txt
frontinus,qualitate.txt,frontinus/qualitate.txt
frontinus,strat1.txt,frontinus/strat1.txt
frontinus,strat2.txt,frontinus/strat2.txt
frontinus,strat3.txt,frontinus/strat3.txt
frontinus,strat4.txt,frontinus/strat4.txt
fulgentius,fulgentius1.txt,fulgentius/fulgentius1.txt
fulgentius,fulgentius2.txt,fulgentius/fulgentius2.txt
fulgentius,fulgentius3.txt,fulgentius/fulgentius3.txt
fulgentius,fulgentius4.txt,fulgentius/fulgentius4.txt
fulgentius,fulgentius5.txt,fulgentius/fulgentius5.txt
galileo,galileo.sid.txt,galileo/galileo.sid.txt
gellius,gellius1.txt,gellius/gellius1.txt
gellius,gellius10.txt,gellius/gellius10.txt
gellius,gellius11.txt,gellius/gellius11.txt
gellius,gellius13.txt,gellius/gellius13.txt
gellius,gellius2.txt,gellius/gellius2.txt
gellius,gellius20.txt,gellius/gellius20.txt
gellius,gellius3.txt,gellius/gellius3.txt
gellius,gellius4.txt,gellius/gellius4.txt
gellius,gellius5.txt,gellius/gellius5.txt
gellius,gellius6.txt,gellius/gellius6.txt
gellius,gellius7.txt,gellius/gellius7.txt
gellius,gellius8.txt,gellius/gellius8.txt
gellius,gellius9.txt,gellius/gellius9.txt
gellius,gelliuscapitula.txt,gellius/gelliuscapitula.txt
gellius,gelliuspraef.txt,gellius/gelliuspraef.txt
gestafrancorum,gestafrancorum1.txt,gestafrancorum/gestafrancorum1.txt
gestafrancorum,gestafrancorum10.txt,gestafrancorum/gestafrancorum10.txt
gestafrancorum,gestafrancorum2.txt,gestafrancorum/gestafrancorum2.txt
gestafrancorum,gestafrancorum3.txt,gestafrancorum/gestafrancorum3.txt
gestafrancorum,gestafrancorum4.txt,gestafrancorum/gestafrancorum4.txt
gestafrancorum,gestafrancorum5.txt,gestafrancorum/gestafrancorum5.txt
gestafrancorum,gestafrancorum6.txt,gestafrancorum/gestafrancorum6.txt
gestafrancorum,gestafrancorum7.txt,gestafrancorum/gestafrancorum7.txt
gestafrancorum,gestafrancorum8.txt,gestafrancorum/gestafrancorum8.txt
gestafrancorum,gestafrancorum9.txt,gestafrancorum/gestafrancorum9.txt
gregorytours,gregorytours1.txt,gregorytours/gregorytours1.txt
gregorytours,gregorytours10.txt,gregorytours/gregorytours10.txt
gregorytours,gregorytours2.txt,gregorytours/gregorytours2.txt
gregorytours,gregorytours3.txt,gregorytours/gregorytours3.txt
gregorytours,gregorytours4.txt,gregorytours/gregorytours4.txt
gregorytours,gregorytours5.txt,gregorytours/gregorytours5.txt
gregorytours,gregorytours6.txt,gregorytours/gregorytours6.txt
gregorytours,gregorytours7.txt,gregorytours/gregorytours7.txt
gregorytours,gregorytours8.txt,gregorytours/gregorytours8.txt
gregorytours,gregorytours9.txt,gregorytours/gregorytours9.txt
horace,arspoet.txt,horace/arspoet.txt
horace,carm1.txt,horace/carm1.txt
horace,carm2.txt,horace/carm2.txt
horace,carm3.txt,horace/carm3.txt
horace,carm4.txt,horace/carm4.txt
horace,carmsaec.txt,horace/carmsaec.txt
horace,ep.txt,horace/ep.txt
horace,epist1.txt,horace/epist1.txt
horace,epist2.txt,horace/epist2.txt
horace,serm1.txt,horace/serm1.txt
horace,serm2.txt,horace/serm2.txt
hugo,hugo.solo.txt,hugo/hugo.solo.txt
hugo,hugo1.txt,hugo/hugo1.txt
hugo,hugo2.txt,hugo/hugo2.txt
hugo,hugo3.txt,hugo/hugo3.txt
hugo,hugo4.txt,hugo/hugo4.txt
hugo,hugo5.txt,hugo/hugo5.txt
hugo,hugo6.txt,hugo/hugo6.txt
hyginus,hyginus1.txt,hyginus/hyginus1.txt
hyginus,hyginus2.txt,hyginus/hyginus2.txt
hyginus,hyginus3.txt,hyginus/hyginus3.txt
hyginus,hyginus4.txt,hyginus/hyginus4.txt
hyginus,hyginus5.txt,hyginus/hyginus5.txt
hyginus,hyginus6.txt,hyginus/hyginus6.txt
isidore,1.txt,isidore/1.txt
isidore,10.txt,isidore/10.txt
isidore,11.txt,isidore/11.txt
isidore,12.txt,isidore/12.txt
isidore,13.txt,isidore/13.txt
isidore,14.txt,isidore/14.txt
isidore,15.txt,isidore/15.txt
isidore,16.txt,isidore/16.txt
isidore,17.txt,isidore/17.txt
isidore,18.txt,isidore/18.txt
isidore,19.txt,isidore/19.txt
isidore,2.txt,isidore/2.txt
isidore,20.txt,isidore/20.txt
isidore,3.txt,isidore/3.txt
isidore,4.txt,isidore/4.txt
isidore,5.txt,isidore/5.txt
isidore,6.txt,isidore/6.txt
isidore,7.txt,isidore/7.txt
isidore,8.txt,isidore/8.txt
isidore,9.txt,isidore/9.txt
isidore,historia.txt,isidore/historia.txt
isidore,sententiae1.txt,isidore/sententiae1.txt
isidore,sententiae2.txt,isidore/sententiae2.txt
isidore,sententiae3.txt,isidore/sententiae3.txt
jerome,contraioannem.txt,jerome/contraioannem.txt
jerome,epistulae.txt,jerome/epistulae.txt
jerome,vitamalchus.txt,jerome/vitamalchus.txt
jerome,vitapauli.txt,jerome/vitapauli.txt
justin,1.txt,justin/1.txt
justin,10.txt,justin/10.txt
justin,11.txt,justin/11.txt
justin,12.txt,justin/12.txt
justin,13.txt,justin/13.txt
justin,14.txt,justin/14.txt
justin,15.txt,justin/15.txt
justin,16.txt,justin/16.txt
justin,17.txt,justin/17.txt
justin,18.txt,justin/18.txt
justin,19.txt,justin/19.txt
justin,2.txt,justin/2.txt
justin,20.txt,justin/20.txt
justin,21.txt,justin/21.txt
justin,22.txt,justin/22.txt
justin,23.txt,justin/23.txt
justin,24.txt,justin/24.txt
justin,25.txt,justin/25.txt
justin,26.txt,justin/26.txt
justin,27.txt,justin/27.txt
justin,28.txt,justin/28.txt
justin,29.txt,justin/29.txt
justin,3.txt,justin/3.txt
justin,30.txt,justin/30.txt
justin,31.txt,justin/31.txt
justin,32.txt,justin/32.txt
justin,33.txt,justin/33.txt
justin,34.txt,justin/34.txt
justin,35.txt,justin/35.txt
justin,36.txt,justin/36.txt
justin,37.txt,justin/37.txt
justin,38.txt,justin/38.txt
justin,39.txt,justin/39.txt
justin,4.txt,justin/4.txt
justin,40.txt,justin/40.txt
justin,41.txt,justin/41.txt
justin,42.txt,justin/42.txt
justin,43.txt,justin/43.txt
justin,44.txt,justin/44.txt
justin,5.txt,justin/5.txt
justin,6.txt,justin/6.txt
justin,7.txt,justin/7.txt
justin,8.txt,justin/8.txt
justin,9.txt,justin/9.txt
justin,praefatio.txt,justin/praefatio.txt
justin,prologi.txt,justin/prologi.txt
justinian,codex1.txt,justinian/codex1.txt
justinian,codex10.txt,justinian/codex10.txt
justinian,codex11.txt,justinian/codex11.txt
justinian,codex12.txt,justinian/codex12.txt
justinian,codex2.txt,justinian/codex2.txt
justinian,codex3.txt,justinian/codex3.txt
justinian,codex4.txt,justinian/codex4.txt
justinian,codex5.txt,justinian/codex5.txt
justinian,codex6.txt,justinian/codex6.txt
justinian,codex7.txt,justinian/codex7.txt
justinian,codex8.txt,justinian/codex8.txt
justinian,codex9.txt,justinian/codex9.txt
justinian,digest1.txt,justinian/digest1.txt
justinian,digest10.txt,justinian/digest10.txt
justinian,digest11.txt,justinian/digest11.txt
justinian,digest12.txt,justinian/digest12.txt
justinian,digest13.txt,justinian/digest13.txt
justinian,digest14.txt,justinian/digest14.txt
justinian,digest15.txt,justinian/digest15.txt
justinian,digest16.txt,justinian/digest16.txt
justinian,digest17.txt,justinian/digest17.txt
justinian,digest18.txt,justinian/digest18.txt
justinian,digest19.txt,justinian/digest19.txt
justinian,digest2.txt,justinian/digest2.txt
justinian,digest20.txt,justinian/digest20.txt
justinian,digest21.txt,justinian/digest21.txt
justinian,digest22.txt,justinian/digest22.txt
justinian,digest23.txt,justinian/digest23.txt
justinian,digest24.txt,justinian/digest24.txt
justinian,digest25.txt,justinian/digest25.txt
justinian,digest26.txt,justinian/digest26.txt
justinian,digest27.txt,justinian/digest27.txt
justinian,digest28.txt,justinian/digest28.txt
justinian,digest29.txt,justinian/digest29.txt
justinian,digest3.txt,justinian/digest3.txt
justinian,digest30.txt,justinian/digest30.txt
justinian,digest31.txt,justinian/digest31.txt
justinian,digest32.txt,justinian/digest32.txt
justinian,digest33.txt,justinian/digest33.txt
justinian,digest34.txt,justinian/digest34.txt
justinian,digest35.txt,justinian/digest35.txt
justinian,digest36.txt,justinian/digest36.txt
justinian,digest37.txt,justinian/digest37.txt
justinian,digest38.txt,justinian/digest38.txt
justinian,digest39.txt,justinian/digest39.txt
justinian,digest4.txt,justinian/digest4.txt
justinian,digest40.txt,justinian/digest40.txt
justinian,digest41.txt,justinian/digest41.txt
justinian,digest42.txt,justinian/digest42.txt
justinian,digest43.txt,justinian/digest43.txt
justinian,digest44.txt,justinian/digest44.txt
justinian,digest45.txt,justinian/digest45.txt
justinian,digest46.txt,justinian/digest46.txt
justinian,digest47.txt,justinian/digest47.txt
justinian,digest48.txt,justinian/digest48.txt
justinian,digest49.txt,justinian/digest49.txt
justinian,digest5.txt,justinian/digest5.txt
justinian,digest50.txt,justinian/digest50.txt
justinian,digest6.txt,justinian/digest6.txt
justinian,digest7.txt,justinian/digest7.txt
justinian,digest8.txt,justinian/digest8.txt
justinian,digest9.txt,justinian/digest9.txt
justinian,institutes.proem.txt,justinian/institutes.proem.txt
justinian,institutes1.txt,justinian/institutes1.txt
justinian,institutes2.txt,justinian/institutes2.txt
justinian,institutes3.txt,justinian/institutes3.txt
justinian,institutes4.txt,justinian/institutes4.txt
juvenal,1.txt,juvenal/1.txt
juvenal,10.txt,juvenal/10.txt
juvenal,11.txt,juvenal/11.txt
juvenal,12.txt,juvenal/12.txt
juvenal,13.txt,juvenal/13.txt
juvenal,14.txt,juvenal/14.txt
juvenal,15.txt,juvenal/15.txt
juvenal,16.txt,juvenal/16.txt
juvenal,2.txt,juvenal/2.txt
juvenal,3.txt,juvenal/3.txt
juvenal,4.txt,juvenal/4.txt
juvenal,5.txt,juvenal/5.txt
juvenal,6.txt,juvenal/6.txt
juvenal,7.txt,juvenal/7.txt
juvenal,8.txt,juvenal/8.txt
juvenal,9.txt,juvenal/9.txt
kempis,kempis1.txt,kempis/kempis1.txt
kempis,kempis2.txt,kempis/kempis2.txt
kempis,kempis3.txt,kempis/kempis3.txt
kempis,kempis4.txt,kempis/kempis4.txt
kepler,strena.txt,kepler/strena.txt
lactantius,demort.txt,lactantius/demort.txt
lactantius,divinst1.txt,lactantius/divinst1.txt
leothegreat,quadragesima1.txt,leothegreat/quadragesima1.txt
leothegreat,quadragesima2.txt,leothegreat/quadragesima2.txt
livy,liv.1.txt,livy/liv.1.txt
livy,liv.10.txt,livy/liv.10.txt
livy,liv.2.txt,livy/liv.2.txt
livy,liv.21.txt,livy/liv.21.txt
livy,liv.22.txt,livy/liv.22.txt
livy,liv.23.txt,livy/liv.23.txt
livy,liv.24.txt,livy/liv.24.txt
livy,liv.25.txt,livy/liv.25.txt
livy,liv.26.txt,livy/liv.26.txt
livy,liv.27.txt,livy/liv.27.txt
livy,liv.28.txt,livy/liv.28.txt
livy,liv.29.txt,livy/liv.29.txt
livy,liv.3.txt,livy/liv.3.txt
livy,liv.30.txt,livy/liv.30.txt
livy,liv.31.txt,livy/liv.31.txt
livy,liv.32.txt,livy/liv.32.txt
livy,liv.33.txt,livy/liv.33.txt
livy,liv.34.txt,livy/liv.34.txt
livy,liv.35.txt,livy/liv.35.txt
livy,liv.36.txt,livy/liv.36.txt
livy,liv.37.txt,livy/liv.37.txt
livy,liv.38.txt,livy/liv.38.txt
livy,liv.39.txt,livy/liv.39.txt
livy,liv.4.txt,livy/liv.4.txt
livy,liv.40.txt,livy/liv.40.txt
livy,liv.41.txt,livy/liv.41.txt
livy,liv.42.txt,livy/liv.42.txt
livy,liv.43.txt,livy/liv.43.txt
livy,liv.44.txt,livy/liv.44.txt
livy,liv.45.txt,livy/liv.45.txt
livy,liv.5.txt,livy/liv.5.txt
livy,liv.6.txt,livy/liv.6.txt
livy,liv.7.txt,livy/liv.7.txt
livy,liv.8.txt,livy/liv.8.txt
livy,liv.9.txt,livy/liv.9.txt
livy,liv.per.txt,livy/liv.per.txt
livy,liv.per1.txt,livy/liv.per1.txt
livy,liv.per10.txt,livy/liv.per10.txt
livy,liv.per100.txt,livy/liv.per100.txt
livy,liv.per101.txt,livy/liv.per101.txt
livy,liv.per102.txt,livy/liv.per102.txt
livy,liv.per103.txt,livy/liv.per103.txt
livy,liv.per104.txt,livy/liv.per104.txt
livy,liv.per105.txt,livy/liv.per105.txt
livy,liv.per106.txt,livy/liv.per106.txt
livy,liv.per107.txt,livy/liv.per107.txt
livy,liv.per108.txt,livy/liv.per108.txt
livy,liv.per109.txt,livy/liv.per109.txt
livy,liv.per11.txt,livy/liv.per11.txt
livy,liv.per110.txt,livy/liv.per110.txt
livy,liv.per111.txt,livy/liv.per111.txt
livy,liv.per112.txt,livy/liv.per112.txt
livy,liv.per113.txt,livy/liv.per113.txt
livy,liv.per114.txt,livy/liv.per114.txt
livy,liv.per115.txt,livy/liv.per115.txt
livy,liv.per116.txt,livy/liv.per116.txt
livy,liv.per117.txt,livy/liv.per117.txt
livy,liv.per118.txt,livy/liv.per118.txt
livy,liv.per119.txt,livy/liv.per119.txt
livy,liv.per12.txt,livy/liv.per12.txt
livy,liv.per120.txt,livy/liv.per120.txt
livy,liv.per121.txt,livy/liv.per121.txt
livy,liv.per122.txt,livy/liv.per122.txt
livy,liv.per123.txt,livy/liv.per123.txt
livy,liv.per124.txt,livy/liv.per124.txt
livy,liv.per125.txt,livy/liv.per125.txt
livy,liv.per126.txt,livy/liv.per126.txt
livy,liv.per127.txt,livy/liv.per127.txt
livy,liv.per128.txt,livy/liv.per128.txt
livy,liv.per129.txt,livy/liv.per129.txt
livy,liv.per13.txt,livy/liv.per13.txt
livy,liv.per130.txt,livy/liv.per130.txt
livy,liv.per131.txt,livy/liv.per131.txt
livy,liv.per132.txt,livy/liv.per132.txt
livy,liv.per133.txt,livy/liv.per133.txt
livy,liv.per134.txt,livy/liv.per134.txt
livy,liv.per135.txt,livy/liv.per135.txt
livy,liv.per136-7.txt,livy/liv.per136-7.txt
livy,liv.per138.txt,livy/liv.per138.txt
livy,liv.per139.txt,livy/liv.per139.txt
livy,liv.per14.txt,livy/liv.per14.txt
livy,liv.per140.txt,livy/liv.per140.txt
livy,liv.per141.txt,livy/liv.per141.txt
livy,liv.per142.txt,livy/liv.per142.txt
livy,liv.per15.txt,livy/liv.per15.txt
livy,liv.per16.txt,livy/liv.per16.txt
livy,liv.per17.txt,livy/liv.per17.txt
livy,liv.per18.txt,livy/liv.per18.txt
livy,liv.per19.txt,livy/liv.per19.txt
livy,liv.per2.txt,livy/liv.per2.txt
livy,liv.per20.txt,livy/liv.per20.txt
livy,liv.per21.txt,livy/liv.per21.txt
livy,liv.per22.txt,livy/liv.per22.txt
livy,liv.per23.txt,livy/liv.per23.txt
livy,liv.per24.txt,livy/liv.per24.txt
livy,liv.per25.txt,livy/liv.per25.txt
livy,liv.per26.txt,livy/liv.per26.txt
livy,liv.per27.txt,livy/liv.per27.txt
livy,liv.per28.txt,livy/liv.per28.txt
livy,liv.per29.txt,livy/liv.per29.txt
livy,liv.per3.txt,livy/liv.per3.txt
livy,liv.per30.txt,livy/liv.per30.txt
livy,liv.per31.txt,livy/liv.per31.txt
livy,liv.per32.txt,livy/liv.per32.txt
livy,liv.per33.txt,livy/liv.per33.txt
livy,liv.per34.txt,livy/liv.per34.txt
livy,liv.per35.txt,livy/liv.per35.txt
livy,liv.per36.txt,livy/liv.per36.txt
livy,liv.per37.txt,livy/liv.per37.txt
livy,liv.per38.txt,livy/liv.per38.txt
livy,liv.per39.txt,livy/liv.per39.txt
livy,liv.per4.txt,livy/liv.per4.txt
livy,liv.per40.txt,livy/liv.per40.txt
livy,liv.per41.txt,livy/liv.per41.txt
livy,liv.per42.txt,livy/liv.per42.txt
livy,liv.per43.txt,livy/liv.per43.txt
livy,liv.per44.txt,livy/liv.per44.txt
livy,liv.per45.txt,livy/liv.per45.txt
livy,liv.per46.txt,livy/liv.per46.txt
livy,liv.per47.txt,livy/liv.per47.txt
livy,liv.per48.txt,livy/liv.per48.txt
livy,liv.per49.txt,livy/liv.per49.txt
livy,liv.per5.txt,livy/liv.per5.txt
livy,liv.per50.txt,livy/liv.per50.txt
livy,liv.per51.txt,livy/liv.per51.txt
livy,liv.per52.txt,livy/liv.per52.txt
livy,liv.per53.txt,livy/liv.per53.txt
livy,liv.per54.txt,livy/liv.per54.txt
livy,liv.per55.txt,livy/liv.per55.txt
livy,liv.per56.txt,livy/liv.per56.txt
livy,liv.per57.txt,livy/liv.per57.txt
livy,liv.per58.txt,livy/liv.per58.txt
livy,liv.per59.txt,livy/liv.per59.txt
livy,liv.per6.txt,livy/liv.per6.txt
livy,liv.per60.txt,livy/liv.per60.txt
livy,liv.per61.txt,livy/liv.per61.txt
livy,liv.per62.txt,livy/liv.per62.txt
livy,liv.per63.txt,livy/liv.per63.txt
livy,liv.per64.txt,livy/liv.per64.txt
livy,liv.per65.txt,livy/liv.per65.txt
livy,liv.per66.txt,livy/liv.per66.txt
livy,liv.per67.txt,livy/liv.per67.txt
livy,liv.per68.txt,livy/liv.per68.txt
livy,liv.per69.txt,livy/liv.per69.txt
livy,liv.per7.txt,livy/liv.per7.txt
livy,liv.per70.txt,livy/liv.per70.txt
livy,liv.per71.txt,livy/liv.per71.txt
livy,liv.per72.txt,livy/liv.per72.txt
livy,liv.per73.txt,livy/liv.per73.txt
livy,liv.per74.txt,livy/liv.per74.txt
livy,liv.per75.txt,livy/liv.per75.txt
livy,liv.per76.txt,livy/liv.per76.txt
livy,liv.per77.txt,livy/liv.per77.txt
livy,liv.per78.txt,livy/liv.per78.txt
livy,liv.per79.txt,livy/liv.per79.txt
livy,liv.per8.txt,livy/liv.per8.txt
livy,liv.per80.txt,livy/liv.per80.txt
livy,liv.per81.txt,livy/liv.per81.txt
livy,liv.per82.txt,livy/liv.per82.txt
livy,liv.per83.txt,livy/liv.per83.txt
livy,liv.per84.txt,livy/liv.per84.txt
livy,liv.per85.txt,livy/liv.per85.txt
livy,liv.per86.txt,livy/liv.per86.txt
livy,liv.per87.txt,livy/liv.per87.txt
livy,liv.per88.txt,livy/liv.per88.txt
livy,liv.per89.txt,livy/liv.per89.txt
livy,liv.per9.txt,livy/liv.per9.txt
livy,liv.per90.txt,livy/liv.per90.txt
livy,liv.per91.txt,livy/liv.per91.txt
livy,liv.per92.txt,livy/liv.per92.txt
livy,liv.per93.txt,livy/liv.per93.txt
livy,liv.per94.txt,livy/liv.per94.txt
livy,liv.per95.txt,livy/liv.per95.txt
livy,liv.per96.txt,livy/liv.per96.txt
livy,liv.per97.txt,livy/liv.per97.txt
livy,liv.per98.txt,livy/liv.per98.txt
livy,liv.per99.txt,livy/liv.per99.txt
livy,liv.pr.txt,livy/liv.pr.txt
lucan,lucan1.txt,lucan/lucan1.txt
lucan,lucan10.txt,lucan/lucan10.txt
lucan,lucan2.txt,lucan/lucan2.txt
lucan,lucan3.txt,lucan/lucan3.txt
lucan,lucan4.txt,lucan/lucan4.txt
lucan,lucan5.txt,lucan/lucan5.txt
lucan,lucan6.txt,lucan/lucan6.txt
lucan,lucan7.txt,lucan/lucan7.txt
lucan,lucan8.txt,lucan/lucan8.txt
lucan,lucan9.txt,lucan/lucan9.txt
lucretius,lucretius1.txt,lucretius/lucretius1.txt
lucretius,lucretius2.txt,lucretius/lucretius2.txt
lucretius,lucretius3.txt,lucretius/lucretius3.txt
lucretius,lucretius4.txt,lucretius/lucretius4.txt
lucretius,lucretius5.txt,lucretius/lucretius5.txt
lucretius,lucretius6.txt,lucretius/lucretius6.txt
martial,mart.spec.txt,martial/mart.spec.txt
martial,mart1.txt,martial/mart1.txt
martial,mart10.txt,martial/mart10.txt
martial,mart11.txt,martial/mart11.txt
martial,mart12.txt,martial/mart12.txt
martial,mart13.txt,martial/mart13.txt
martial,mart14.txt,martial/mart14.txt
martial,mart2.txt,martial/mart2.txt
martial,mart3.txt,martial/mart3.txt
martial,mart4.txt,martial/mart4.txt
martial,mart5.txt,martial/mart5.txt
martial,mart6.txt,martial/mart6.txt
martial,mart7.txt,martial/mart7.txt
martial,mart8.txt,martial/mart8.txt
martial,mart9.txt,martial/mart9.txt
martinbraga,capitula.txt,martinbraga/capitula.txt
martinbraga,concilium1.txt,martinbraga/concilium1.txt
martinbraga,concilium2.txt,martinbraga/concilium2.txt
martinbraga,exhortatio.txt,martinbraga/exhortatio.txt
martinbraga,formula.txt,martinbraga/formula.txt
martinbraga,ira.txt,martinbraga/ira.txt
martinbraga,pascha.txt,martinbraga/pascha.txt
martinbraga,poems.txt,martinbraga/poems.txt
martinbraga,repellenda.txt,martinbraga/repellenda.txt
martinbraga,rusticus.txt,martinbraga/rusticus.txt
martinbraga,sententiae.txt,martinbraga/sententiae.txt
martinbraga,superbia.txt,martinbraga/superbia.txt
martinbraga,trina.txt,martinbraga/trina.txt
may,may1.txt,may/may1.txt
may,may2.txt,may/may2.txt
may,may3.txt,may/may3.txt
may,may4.txt,may/may4.txt
may,may5.txt,may/may5.txt
may,may6.txt,may/may6.txt
may,may7.txt,may/may7.txt
may,maytitle.txt,may/maytitle.txt
melanchthon,conf.txt,melanchthon/conf.txt
melanchthon,hist.txt,melanchthon/hist.txt
melanchthon,laude.txt,melanchthon/laude.txt
melanchthon,obitu.txt,melanchthon/obitu.txt
mirandola,mir1.txt,mirandola/mir1.txt
mirandola,mir2.txt,mirandola/mir2.txt
mirandola,mir3.txt,mirandola/mir3.txt
mirandola,mir4.txt,mirandola/mir4.txt
mirandola,mir5.txt,mirandola/mir5.txt
mirandola,mir6.txt,mirandola/mir6.txt
mirandola,mir7.txt,mirandola/mir7.txt
mirandola,mir8.txt,mirandola/mir8.txt
mirandola,mir9.txt,mirandola/mir9.txt
mirandola,oratio.txt,mirandola/oratio.txt
nepos,nepos.age.txt,nepos/nepos.age.txt
nepos,nepos.alc.txt,nepos/nepos.alc.txt
nepos,nepos.aris.txt,nepos/nepos.aris.txt
nepos,nepos.att.txt,nepos/nepos.att.txt
nepos,nepos.cat.txt,nepos/nepos.cat.txt
nepos,nepos.cha.txt,nepos/nepos.cha.txt
nepos,nepos.cim.txt,nepos/nepos.cim.txt
nepos,nepos.con.txt,nepos/nepos.con.txt
nepos,nepos.dat.txt,nepos/nepos.dat.txt
nepos,nepos.dion.txt,nepos/nepos.dion.txt
nepos,nepos.epam.txt,nepos/nepos.epam.txt
nepos,nepos.eum.txt,nepos/nepos.eum.txt
nepos,nepos.fragmenta.txt,nepos/nepos.fragmenta.txt
nepos,nepos.ham.txt,nepos/nepos.ham.txt
nepos,nepos.han.txt,nepos/nepos.han.txt
nepos,nepos.iph.txt,nepos/nepos.iph.txt
nepos,nepos.kings.txt,nepos/nepos.kings.txt
nepos,nepos.lys.txt,nepos/nepos.lys.txt
nepos,nepos.mil.txt,nepos/nepos.mil.txt
nepos,nepos.paus.txt,nepos/nepos.paus.txt
nepos,nepos.pel.txt,nepos/nepos.pel.txt
nepos,nepos.phoc.txt,nepos/nepos.phoc.txt
nepos,nepos.pr.txt,nepos/nepos.pr.txt
nepos,nepos.them.txt,nepos/nepos.them.txt
nepos,nepos.thras.txt,nepos/nepos.thras.txt
nepos,nepos.tim.txt,nepos/nepos.tim.txt
nepos,nepos.timo.txt,nepos/nepos.timo.txt
orosius,orosius1.txt,orosius/orosius1.txt
orosius,orosius2.txt,orosius/orosius2.txt
orosius,orosius3.txt,orosius/orosius3.txt
orosius,orosius4.txt,orosius/orosius4.txt
orosius,orosius5.txt,orosius/orosius5.txt
orosius,orosius6.txt,orosius/orosius6.txt
orosius,orosius7.txt,orosius/orosius7.txt
ottofreising,1.txt,ottofreising/1.txt
ottofreising,2.txt,ottofreising/2.txt
ottofreising,3.txt,ottofreising/3.txt
ottofreising,4.txt,ottofreising/4.txt
ottofreising,epistola.txt,ottofreising/epistola.txt
ovid,ovid.amor1.txt,ovid/ovid.amor1.txt
ovid,ovid.amor2.txt,ovid/ovid.amor2.txt
ovid,ovid.amor3.txt,ovid/ovid.amor3.txt
ovid,ovid.artis1.txt,ovid/ovid.artis1.txt
ovid,ovid.artis2.txt,ovid/ovid.artis2.txt
ovid,ovid.artis3.txt,ovid/ovid.artis3.txt
ovid,ovid.fasti1.txt,ovid/ovid.fasti1.txt
ovid,ovid.fasti2.txt,ovid/ovid.fasti2.txt
ovid,ovid.fasti3.txt,ovid/ovid.fasti3.txt
ovid,ovid.fasti4.txt,ovid/ovid.fasti4.txt
ovid,ovid.fasti5.txt,ovid/ovid.fasti5.txt
ovid,ovid.fasti6.txt,ovid/ovid.fasti6.txt
ovid,ovid.her1.txt,ovid/ovid.her1.txt
ovid,ovid.her10.txt,ovid/ovid.her10.txt
ovid,ovid.her11.txt,ovid/ovid.her11.txt
ovid,ovid.her12.txt,ovid/ovid.her12.txt
ovid,ovid.her13.txt,ovid/ovid.her13.txt
ovid,ovid.her14.txt,ovid/ovid.her14.txt
ovid,ovid.her15.txt,ovid/ovid.her15.txt
ovid,ovid.her16.txt,ovid/ovid.her16.txt
ovid,ovid.her17.txt,ovid/ovid.her17.txt
ovid,ovid.her18.txt,ovid/ovid.her18.txt
ovid,ovid.her19.txt,ovid/ovid.her19.txt
ovid,ovid.her2.txt,ovid/ovid.her2.txt
ovid,ovid.her20.txt,ovid/ovid.her20.txt
ovid,ovid.her21.txt,ovid/ovid.her21.txt
ovid,ovid.her3.txt,ovid/ovid.her3.txt
ovid,ovid.her4.txt,ovid/ovid.her4.txt
ovid,ovid.her5.txt,ovid/ovid.her5.txt
ovid,ovid.her6.txt,ovid/ovid.her6.txt
ovid,ovid.her7.txt,ovid/ovid.her7.txt
ovid,ovid.her8.txt,ovid/ovid.her8.txt
ovid,ovid.her9.txt,ovid/ovid.her9.txt
ovid,ovid.ibis.txt,ovid/ovid.ibis.txt
ovid,ovid.met1.txt,ovid/ovid.met1.txt
ovid,ovid.met10.txt,ovid/ovid.met10.txt
ovid,ovid.met11.txt,ovid/ovid.met11.txt
ovid,ovid.met12.txt,ovid/ovid.met12.txt
ovid,ovid.met13.txt,ovid/ovid.met13.txt
ovid,ovid.met14.txt,ovid/ovid.met14.txt
ovid,ovid.met15.txt,ovid/ovid.met15.txt
ovid,ovid.met2.txt,ovid/ovid.met2.txt
ovid,ovid.met3.txt,ovid/ovid.met3.txt
ovid,ovid.met4.txt,ovid/ovid.met4.txt
ovid,ovid.met5.txt,ovid/ovid.met5.txt
ovid,ovid.met6.txt,ovid/ovid.met6.txt
ovid,ovid.met7.txt,ovid/ovid.met7.txt
ovid,ovid.met8.txt,ovid/ovid.met8.txt
ovid,ovid.met9.txt,ovid/ovid.met9.txt
ovid,ovid.ponto1.txt,ovid/ovid.ponto1.txt
ovid,ovid.ponto2.txt,ovid/ovid.ponto2.txt
ovid,ovid.ponto3.txt,ovid/ovid.ponto3.txt
ovid,ovid.ponto4.txt,ovid/ovid.ponto4.txt
ovid,ovid.rem.txt,ovid/ovid.rem.txt
ovid,ovid.tristia1.txt,ovid/ovid.tristia1.txt
ovid,ovid.tristia2.txt,ovid/ovid.tristia2.txt
ovid,ovid.tristia3.txt,ovid/ovid.tristia3.txt
ovid,ovid.tristia4.txt,ovid/ovid.tristia4.txt
ovid,ovid.tristia5.txt,ovid/ovid.tristia5.txt
pauldeacon,carmina.txt,pauldeacon/carmina.txt
pauldeacon,fabulae.txt,pauldeacon/fabulae.txt
pauldeacon,hist1.txt,pauldeacon/hist1.txt
pauldeacon,hist2.txt,pauldeacon/hist2.txt
pauldeacon,hist3.txt,pauldeacon/hist3.txt
pauldeacon,hist4.txt,pauldeacon/hist4.txt
pauldeacon,hist5.txt,pauldeacon/hist5.txt
pauldeacon,hist6.txt,pauldeacon/hist6.txt
pauldeacon,histrom1.txt,pauldeacon/histrom1.txt
pauldeacon,histrom10.txt,pauldeacon/histrom10.txt
pauldeacon,histrom11.txt,pauldeacon/histrom11.txt
pauldeacon,histrom12.txt,pauldeacon/histrom12.txt
pauldeacon,histrom13.txt,pauldeacon/histrom13.txt
pauldeacon,histrom14.txt,pauldeacon/histrom14.txt
pauldeacon,histrom15.txt,pauldeacon/histrom15.txt
pauldeacon,histrom16.txt,pauldeacon/histrom16.txt
pauldeacon,histrom2.txt,pauldeacon/histrom2.txt
pauldeacon,histrom3.txt,pauldeacon/histrom3.txt
pauldeacon,histrom4.txt,pauldeacon/histrom4.txt
pauldeacon,histrom5.txt,pauldeacon/histrom5.txt
pauldeacon,histrom6.txt,pauldeacon/histrom6.txt
pauldeacon,histrom7.txt,pauldeacon/histrom7.txt
pauldeacon,histrom8.txt,pauldeacon/histrom8.txt
pauldeacon,histrom9.txt,pauldeacon/histrom9.txt
plautus,amphitruo.txt,plautus/amphitruo.txt
plautus,asinaria.txt,plautus/asinaria.txt
plautus,aulularia.txt,plautus/aulularia.txt
plautus,bacchides.txt,plautus/bacchides.txt
plautus,captivi.txt,plautus/captivi.txt
plautus,cas.txt,plautus/cas.txt
plautus,cistellaria.txt,plautus/cistellaria.txt
plautus,curculio.txt,plautus/curculio.txt
plautus,epidicus.txt,plautus/epidicus.txt
plautus,menaechmi.txt,plautus/menaechmi.txt
plautus,mercator.txt,plautus/mercator.txt
plautus,miles.txt,plautus/miles.txt
plautus,mostellaria.txt,plautus/mostellaria.txt
plautus,persa.txt,plautus/persa.txt
plautus,poenulus.txt,plautus/poenulus.txt
plautus,pseudolus.txt,plautus/pseudolus.txt
plautus,rudens.txt,plautus/rudens.txt
plautus,stichus.txt,plautus/stichus.txt
plautus,trinummus.txt,plautus/trinummus.txt
plautus,truculentus.txt,plautus/truculentus.txt
plautus,vidularia.txt,plautus/vidularia.txt
prudentius,prud.psycho.txt,prudentius/prud.psycho.txt
prudentius,prud1.txt,prudentius/prud1.txt
prudentius,prud10.txt,prudentius/prud10.txt
prudentius,prud11.txt,prudentius/prud11.txt
prudentius,prud12.txt,prudentius/prud12.txt
prudentius,prud13.txt,prudentius/prud13.txt
prudentius,prud14.txt,prudentius/prud14.txt
prudentius,prud2.txt,prudentius/prud2.txt
prudentius,prud3.txt,prudentius/prud3.txt
prudentius,prud4.txt,prudentius/prud4.txt
prudentius,prud5.txt,prudentius/prud5.txt
prudentius,prud6.txt,prudentius/prud6.txt
prudentius,prud7.txt,prudentius/prud7.txt
prudentius,prud8.txt,prudentius/prud8.txt
prudentius,prud9.txt,prudentius/prud9.txt
quintilian,quintilian.decl.mai1.txt,quintilian/quintilian.decl.mai1.txt
quintilian,quintilian.decl.mai10.txt,quintilian/quintilian.decl.mai10.txt
quintilian,quintilian.decl.mai11.txt,quintilian/quintilian.decl.mai11.txt
quintilian,quintilian.decl.mai12.txt,quintilian/quintilian.decl.mai12.txt
quintilian,quintilian.decl.mai13.txt,quintilian/quintilian.decl.mai13.txt
quintilian,quintilian.decl.mai14.txt,quintilian/quintilian.decl.mai14.txt
quintilian,quintilian.decl.mai15.txt,quintilian/quintilian.decl.mai15.txt
quintilian,quintilian.decl.mai16.txt,quintilian/quintilian.decl.mai16.txt
quintilian,quintilian.decl.mai17.txt,quintilian/quintilian.decl.mai17.txt
quintilian,quintilian.decl.mai18.txt,quintilian/quintilian.decl.mai18.txt
quintilian,quintilian.decl.mai19.txt,quintilian/quintilian.decl.mai19.txt
quintilian,quintilian.decl.mai2.txt,quintilian/quintilian.decl.mai2.txt
quintilian,quintilian.decl.mai4.txt,quintilian/quintilian.decl.mai4.txt
quintilian,quintilian.decl.mai5.txt,quintilian/quintilian.decl.mai5.txt
quintilian,quintilian.decl.mai6.txt,quintilian/quintilian.decl.mai6.txt
quintilian,quintilian.decl.mai7.txt,quintilian/quintilian.decl.mai7.txt
quintilian,quintilian.decl.mai8.txt,quintilian/quintilian.decl.mai8.txt
quintilian,quintilian.decl.mai9.txt,quintilian/quintilian.decl.mai9.txt
quintilian,quintilian.institutio1.txt,quintilian/quintilian.institutio1.txt
quintilian,quintilian.institutio10.txt,quintilian/quintilian.institutio10.txt
quintilian,quintilian.institutio11.txt,quintilian/quintilian.institutio11.txt
quintilian,quintilian.institutio12.txt,quintilian/quintilian.institutio12.txt
quintilian,quintilian.institutio2.txt,quintilian/quintilian.institutio2.txt
quintilian,quintilian.institutio3.txt,quintilian/quintilian.institutio3.txt
quintilian,quintilian.institutio4.txt,quintilian/quintilian.institutio4.txt
quintilian,quintilian.institutio5.txt,quintilian/quintilian.institutio5.txt
quintilian,quintilian.institutio6.txt,quintilian/quintilian.institutio6.txt
quintilian,quintilian.institutio7.txt,quintilian/quintilian.institutio7.txt
quintilian,quintilian.institutio8.txt,quintilian/quintilian.institutio8.txt
quintilian,quintilian.institutio9.txt,quintilian/quintilian.institutio9.txt
sen,ben1.txt,sen/ben1.txt
sen,ben2.txt,sen/ben2.txt
sen,ben3.txt,sen/ben3.txt
sen,octavia.txt,sen/octavia.txt
sen,sen.agamemnon.txt,sen/sen.agamemnon.txt
sen,sen.apoc.txt,sen/sen.apoc.txt
sen,sen.brevita.txt,sen/sen.brevita.txt
sen,sen.clem.txt,sen/sen.clem.txt
sen,sen.consolatione1.txt,sen/sen.consolatione1.txt
sen,sen.consolatione2.txt,sen/sen.consolatione2.txt
sen,sen.consolatione3.txt,sen/sen.consolatione3.txt
sen,sen.constantia.txt,sen/sen.constantia.txt
sen,sen.hercules.txt,sen/sen.hercules.txt
sen,sen.ira1.txt,sen/sen.ira1.txt
sen,sen.ira2.txt,sen/sen.ira2.txt
sen,sen.ira3.txt,sen/sen.ira3.txt
sen,sen.medea.txt,sen/sen.medea.txt
sen,sen.oedipus.txt,sen/sen.oedipus.txt
sen,sen.otio.txt,sen/sen.otio.txt
sen,sen.phaedra.txt,sen/sen.phaedra.txt
sen,sen.phoen.txt,sen/sen.phoen.txt
sen,sen.prov.txt,sen/sen.prov.txt
sen,sen.proverbs.txt,sen/sen.proverbs.txt
sen,sen.qn1.txt,sen/sen.qn1.txt
sen,sen.qn2.txt,sen/sen.qn2.txt
sen,sen.qn3.txt,sen/sen.qn3.txt
sen,sen.qn4.txt,sen/sen.qn4.txt
sen,sen.qn5.txt,sen/sen.qn5.txt
sen,sen.qn6.txt,sen/sen.qn6.txt
sen,sen.qn7.txt,sen/sen.qn7.txt
sen,sen.thyestes.txt,sen/sen.thyestes.txt
sen,sen.tranq.txt,sen/sen.tranq.txt
sen,sen.vita.txt,sen/sen.vita.txt
sen,seneca.ep1.txt,sen/seneca.ep1.txt
sen,seneca.ep10.txt,sen/seneca.ep10.txt
sen,seneca.ep11-13.txt,sen/seneca.ep11-13.txt
sen,seneca.ep14-15.txt,sen/seneca.ep14-15.txt
sen,seneca.ep16.txt,sen/seneca.ep16.txt
sen,seneca.ep17-18.txt,sen/seneca.ep17-18.txt
sen,seneca.ep19.txt,sen/seneca.ep19.txt
sen,seneca.ep2.txt,sen/seneca.ep2.txt
sen,seneca.ep20.txt,sen/seneca.ep20.txt
sen,seneca.ep22.txt,sen/seneca.ep22.txt
sen,seneca.ep3.txt,sen/seneca.ep3.txt
sen,seneca.ep4.txt,sen/seneca.ep4.txt
sen,seneca.ep5.txt,sen/seneca.ep5.txt
sen,seneca.ep6.txt,sen/seneca.ep6.txt
sen,seneca.ep7.txt,sen/seneca.ep7.txt
sen,seneca.ep8.txt,sen/seneca.ep8.txt
sen,seneca.ep9.txt,sen/seneca.ep9.txt
sha,30.txt,sha/30.txt
sha,aelii.txt,sha/aelii.txt
sha,alexsev.txt,sha/alexsev.txt
sha,ant.txt,sha/ant.txt
sha,aurel.txt,sha/aurel.txt
sha,avid.txt,sha/avid.txt
sha,car.txt,sha/car.txt
sha,carus.txt,sha/carus.txt
sha,claud.txt,sha/claud.txt
sha,clod.txt,sha/clod.txt
sha,com.txt,sha/com.txt
sha,diad.txt,sha/diad.txt
sha,didiul.txt,sha/didiul.txt
sha,firmus.txt,sha/firmus.txt
sha,gall.txt,sha/gall.txt
sha,geta.txt,sha/geta.txt
sha,gord.txt,sha/gord.txt
sha,hadr.txt,sha/hadr.txt
sha,helio.txt,sha/helio.txt
sha,mac.txt,sha/mac.txt
sha,marcant.txt,sha/marcant.txt
sha,max.txt,sha/max.txt
sha,maxbal.txt,sha/maxbal.txt
sha,pert.txt,sha/pert.txt
sha,pesc.txt,sha/pesc.txt
sha,probus.txt,sha/probus.txt
sha,sepsev.txt,sha/sepsev.txt
sha,tacitus.txt,sha/tacitus.txt
sha,val.txt,sha/val.txt
sha,verus.txt,sha/verus.txt
silius,silius1.txt,silius/silius1.txt
silius,silius10.txt,silius/silius10.txt
silius,silius11.txt,silius/silius11.txt
silius,silius12.txt,silius/silius12.txt
silius,silius13.txt,silius/silius13.txt
silius,silius14.txt,silius/silius14.txt
silius,silius15.txt,silius/silius15.txt
silius,silius16.txt,silius/silius16.txt
silius,silius17.txt,silius/silius17.txt
silius,silius2.txt,silius/silius2.txt
silius,silius3.txt,silius/silius3.txt
silius,silius4.txt,silius/silius4.txt
silius,silius5.txt,silius/silius5.txt
silius,silius6.txt,silius/silius6.txt
silius,silius7.txt,silius/silius7.txt
silius,silius8.txt,silius/silius8.txt
silius,silius9.txt,silius/silius9.txt
statius,achilleid1.txt,statius/achilleid1.txt
statius,achilleid2.txt,statius/achilleid2.txt
statius,silvae1.txt,statius/silvae1.txt
statius,silvae2.txt,statius/silvae2.txt
statius,silvae3.txt,statius/silvae3.txt
statius,silvae4.txt,statius/silvae4.txt
statius,silvae5.txt,statius/silvae5.txt
statius,theb1.txt,statius/theb1.txt
statius,theb10.txt,statius/theb10.txt
statius,theb11.txt,statius/theb11.txt
statius,theb12.txt,statius/theb12.txt
statius,theb2.txt,statius/theb2.txt
statius,theb3.txt,statius/theb3.txt
statius,theb4.txt,statius/theb4.txt
statius,theb5.txt,statius/theb5.txt
statius,theb6.txt,statius/theb6.txt
statius,theb7.txt,statius/theb7.txt
statius,theb8.txt,statius/theb8.txt
statius,theb9.txt,statius/theb9.txt
suetonius,suet.aug.txt,suetonius/suet.aug.txt
suetonius,suet.caesar.txt,suetonius/suet.caesar.txt
suetonius,suet.cal.txt,suetonius/suet.cal.txt
suetonius,suet.claudius.txt,suetonius/suet.claudius.txt
suetonius,suet.crispus.txt,suetonius/suet.crispus.txt
suetonius,suet.dom.txt,suetonius/suet.dom.txt
suetonius,suet.galba.txt,suetonius/suet.galba.txt
suetonius,suet.gram.txt,suetonius/suet.gram.txt
suetonius,suet.horace.txt,suetonius/suet.horace.txt
suetonius,suet.lucan.txt,suetonius/suet.lucan.txt
suetonius,suet.nero.txt,suetonius/suet.nero.txt
suetonius,suet.otho.txt,suetonius/suet.otho.txt
suetonius,suet.persius.txt,suetonius/suet.persius.txt
suetonius,suet.pliny.txt,suetonius/suet.pliny.txt
suetonius,suet.rhet.txt,suetonius/suet.rhet.txt
suetonius,suet.terence.txt,suetonius/suet.terence.txt
suetonius,suet.tib.txt,suetonius/suet.tib.txt
suetonius,suet.tibullus.txt,suetonius/suet.tibullus.txt
suetonius,suet.titus.txt,suetonius/suet.titus.txt
suetonius,suet.vesp.txt,suetonius/suet.vesp.txt
suetonius,suet.virgil.txt,suetonius/suet.virgil.txt
suetonius,suet.vit.txt,suetonius/suet.vit.txt
tacitus,tac.agri.txt,tacitus/tac.agri.txt
tacitus,tac.ann1.txt,tacitus/tac.ann1.txt
tacitus,tac.ann11.txt,tacitus/tac.ann11.txt
tacitus,tac.ann12.txt,tacitus/tac.ann12.txt
tacitus,tac.ann13.txt,tacitus/tac.ann13.txt
tacitus,tac.ann14.txt,tacitus/tac.ann14.txt
tacitus,tac.ann15.txt,tacitus/tac.ann15.txt
tacitus,tac.ann16.txt,tacitus/tac.ann16.txt
tacitus,tac.ann2.txt,tacitus/tac.ann2.txt
tacitus,tac.ann3.txt,tacitus/tac.ann3.txt
tacitus,tac.ann4.txt,tacitus/tac.ann4.txt
tacitus,tac.ann5.txt,tacitus/tac.ann5.txt
tacitus,tac.ann6.txt,tacitus/tac.ann6.txt
tacitus,tac.dialogus.txt,tacitus/tac.dialogus.txt
tacitus,tac.ger.txt,tacitus/tac.ger.txt
tacitus,tac.hist1.txt,tacitus/tac.hist1.txt
tacitus,tac.hist2.txt,tacitus/tac.hist2.txt
tacitus,tac.hist3.txt,tacitus/tac.hist3.txt
tacitus,tac.hist4.txt,tacitus/tac.hist4.txt
tacitus,tac.hist5.txt,tacitus/tac.hist5.txt
tertullian,tertullian.adsenatorem.txt,tertullian/tertullian.adsenatorem.txt
tertullian,tertullian.anima.txt,tertullian/tertullian.anima.txt
tertullian,tertullian.apol.txt,tertullian/tertullian.apol.txt
tertullian,tertullian.baptismo.txt,tertullian/tertullian.baptismo.txt
tertullian,tertullian.carne.txt,tertullian/tertullian.carne.txt
tertullian,tertullian.castitatis.txt,tertullian/tertullian.castitatis.txt
tertullian,tertullian.corona.txt,tertullian/tertullian.corona.txt
tertullian,tertullian.cultu1.txt,tertullian/tertullian.cultu1.txt
tertullian,tertullian.cultu2.txt,tertullian/tertullian.cultu2.txt
tertullian,tertullian.deiudicio.txt,tertullian/tertullian.deiudicio.txt
tertullian,tertullian.fuga.txt,tertullian/tertullian.fuga.txt
tertullian,tertullian.genesis.txt,tertullian/tertullian.genesis.txt
tertullian,tertullian.gentium.txt,tertullian/tertullian.gentium.txt
tertullian,tertullian.haereses.txt,tertullian/tertullian.haereses.txt
tertullian,tertullian.herm.txt,tertullian/tertullian.herm.txt
tertullian,tertullian.idololatria.txt,tertullian/tertullian.idololatria.txt
tertullian,tertullian.ieiunio.txt,tertullian/tertullian.ieiunio.txt
tertullian,tertullian.iudaeos.txt,tertullian/tertullian.iudaeos.txt
tertullian,tertullian.marcionem1.txt,tertullian/tertullian.marcionem1.txt
tertullian,tertullian.marcionem2.txt,tertullian/tertullian.marcionem2.txt
tertullian,tertullian.marcionem3.txt,tertullian/tertullian.marcionem3.txt
tertullian,tertullian.marcionem4.txt,tertullian/tertullian.marcionem4.txt
tertullian,tertullian.marcionem5.txt,tertullian/tertullian.marcionem5.txt
tertullian,tertullian.martyres.txt,tertullian/tertullian.martyres.txt
tertullian,tertullian.monog.txt,tertullian/tertullian.monog.txt
tertullian,tertullian.nationes1.txt,tertullian/tertullian.nationes1.txt
tertullian,tertullian.nationes2.txt,tertullian/tertullian.nationes2.txt
tertullian,tertullian.oratione.txt,tertullian/tertullian.oratione.txt
tertullian,tertullian.paen.txt,tertullian/tertullian.paen.txt
tertullian,tertullian.pallio.txt,tertullian/tertullian.pallio.txt
tertullian,tertullian.patientia.txt,tertullian/tertullian.patientia.txt
tertullian,tertullian.praescrip.txt,tertullian/tertullian.praescrip.txt
tertullian,tertullian.praxean.txt,tertullian/tertullian.praxean.txt
tertullian,tertullian.propheta.txt,tertullian/tertullian.propheta.txt
tertullian,tertullian.pudicitia.txt,tertullian/tertullian.pudicitia.txt
tertullian,tertullian.resurrectione.txt,tertullian/tertullian.resurrectione.txt
tertullian,tertullian.scapulam.txt,tertullian/tertullian.scapulam.txt
tertullian,tertullian.scorpiace.txt,tertullian/tertullian.scorpiace.txt
tertullian,tertullian.spect.txt,tertullian/tertullian.spect.txt
tertullian,tertullian.testimonia.txt,tertullian/tertullian.testimonia.txt
tertullian,tertullian.uxor1.txt,tertullian/tertullian.uxor1.txt
tertullian,tertullian.uxor2.txt,tertullian/tertullian.uxor2.txt
tertullian,tertullian.valentinianos.txt,tertullian/tertullian.valentinianos.txt
tertullian,tertullian.virginibus.txt,tertullian/tertullian.virginibus.txt
theodosius,theod01.txt,theodosius/theod01.txt
theodosius,theod02.txt,theodosius/theod02.txt
theodosius,theod03.txt,theodosius/theod03.txt
theodosius,theod04.txt,theodosius/theod04.txt
theodosius,theod05.txt,theodosius/theod05.txt
theodosius,theod06.txt,theodosius/theod06.txt
theodosius,theod07.txt,theodosius/theod07.txt
theodosius,theod08.txt,theodosius/theod08.txt
theodosius,theod09.txt,theodosius/theod09.txt
theodosius,theod10.txt,theodosius/theod10.txt
theodosius,theod11.txt,theodosius/theod11.txt
theodosius,theod12.txt,theodosius/theod12.txt
theodosius,theod13.txt,theodosius/theod13.txt
theodosius,theod14.txt,theodosius/theod14.txt
theodosius,theod15.txt,theodosius/theod15.txt
theodosius,theod16.txt,theodosius/theod16.txt
vergil,aen1.txt,vergil/aen1.txt
vergil,aen10.txt,vergil/aen10.txt
vergil,aen11.txt,vergil/aen11.txt
vergil,aen12.txt,vergil/aen12.txt
vergil,aen2.txt,vergil/aen2.txt
vergil,aen3.txt,vergil/aen3.txt
vergil,aen4.txt,vergil/aen4.txt
vergil,aen5.txt,vergil/aen5.txt
vergil,aen6.txt,vergil/aen6.txt
vergil,aen7.txt,vergil/aen7.txt
vergil,aen8.txt,vergil/aen8.txt
vergil,aen9.txt,vergil/aen9.txt
vergil,ec1.txt,vergil/ec1.txt
vergil,ec10.txt,vergil/ec10.txt
vergil,ec2.txt,vergil/ec2.txt
vergil,ec3.txt,vergil/ec3.txt
vergil,ec4.txt,vergil/ec4.txt
vergil,ec5.txt,vergil/ec5.txt
vergil,ec6.txt,vergil/ec6.txt
vergil,ec7.txt,vergil/ec7.txt
vergil,ec8.txt,vergil/ec8.txt
vergil,ec9.txt,vergil/ec9.txt
vergil,geo1.txt,vergil/geo1.txt
vergil,geo2.txt,vergil/geo2.txt
vergil,geo3.txt,vergil/geo3.txt
vergil,geo4.txt,vergil/geo4.txt
voragine,alexio.txt,voragine/alexio.txt
voragine,ambro.txt,voragine/ambro.txt
voragine,anast.txt,voragine/anast.txt
voragine,andrea.txt,voragine/andrea.txt
voragine,ant.txt,voragine/ant.txt
voragine,blas.txt,voragine/blas.txt
voragine,chris.txt,voragine/chris.txt
voragine,fran.txt,voragine/fran.txt
voragine,georgio.txt,voragine/georgio.txt
voragine,iacob.txt,voragine/iacob.txt
voragine,iul.txt,voragine/iul.txt
voragine,jud.txt,voragine/jud.txt
voragine,luc.txt,voragine/luc.txt
voragine,marc.txt,voragine/marc.txt
voragine,mariamag.txt,voragine/mariamag.txt
voragine,marina.txt,voragine/marina.txt
voragine,nic.txt,voragine/nic.txt
voragine,paulo.txt,voragine/paulo.txt
voragine,seb.txt,voragine/seb.txt
voragine,septem.txt,voragine/septem.txt
voragine,silv.txt,voragine/silv.txt
voragine,thom.txt,voragine/thom.txt
voragine,vin.txt,voragine/vin.txt
voragine,vir.txt,voragine/vir.txt
walter,pastourelles.txt,walter/pastourelles.txt
walter,walter1.txt,walter/walter1.txt
walter,walter2.txt,walter/walter2.txt
walter,walter3.txt,walter/walter3.txt
williamtyre,1.txt,williamtyre/1.txt
williamtyre,10.txt,williamtyre/10.txt
williamtyre,11.txt,williamtyre/11.txt
williamtyre,12.txt,williamtyre/12.txt
williamtyre,13.txt,williamtyre/13.txt
williamtyre,14.txt,williamtyre/14.txt
williamtyre,15.txt,williamtyre/15.txt
williamtyre,16.txt,williamtyre/16.txt
williamtyre,17.txt,williamtyre/17.txt
williamtyre,18.txt,williamtyre/18.txt
williamtyre,19.txt,williamtyre/19.txt
williamtyre,2.txt,williamtyre/2.txt
williamtyre,20.txt,williamtyre/20.txt
williamtyre,21.txt,williamtyre/21.txt
williamtyre,22.txt,williamtyre/22.txt
williamtyre,23.txt,williamtyre/23.txt
williamtyre,3.txt,williamtyre/3.txt
williamtyre,4.txt,williamtyre/4.txt
williamtyre,5.txt,williamtyre/5.txt
williamtyre,6.txt,williamtyre/6.txt
williamtyre,7.txt,williamtyre/7.txt
williamtyre,8.txt,williamtyre/8.txt
williamtyre,9.txt,williamtyre/9.txt
williamtyre,prologus.txt,williamtyre/prologus.txt
xylander,caesar.txt,xylander/caesar.txt
