Source,Author,Text,Part
ammianus.rerum_gestarum.part.14.tess,ammianus,rerum_gestarum,14
ammianus.rerum_gestarum.part.15.tess,ammianus,rerum_gestarum,15
ammianus.rerum_gestarum.part.16.tess,ammianus,rerum_gestarum,16
ammianus.rerum_gestarum.part.17.tess,ammianus,rerum_gestarum,17
ammianus.rerum_gestarum.part.18.tess,ammianus,rerum_gestarum,18
ammianus.rerum_gestarum.part.19.tess,ammianus,rerum_gestarum,19
ammianus.rerum_gestarum.part.20.tess,ammianus,rerum_gestarum,20
ammianus.rerum_gestarum.part.21.tess,ammianus,rerum_gestarum,21
ammianus.rerum_gestarum.part.22.tess,ammianus,rerum_gestarum,22
ammianus.rerum_gestarum.part.23.tess,ammianus,rerum_gestarum,23
ammianus.rerum_gestarum.part.24.tess,ammianus,rerum_gestarum,24
ammianus.rerum_gestarum.part.25.tess,ammianus,rerum_gestarum,25
ammianus.rerum_gestarum.part.26.tess,ammianus,rerum_gestarum,26
ammianus.rerum_gestarum.part.27.tess,ammianus,rerum_gestarum,27
ammianus.rerum_gestarum.part.28.tess,ammianus,rerum_gestarum,28
ammianus.rerum_gestarum.part.29.tess,ammianus,rerum_gestarum,29
ammianus.rerum_gestarum.part.30.tess,ammianus,rerum_gestarum,30
ammianus.rerum_gestarum.part.31.tess,ammianus,rerum_gestarum,31
anonymous.laudes_domini.tess,anonymous,laudes_domini,laudes_domini
apuleius.apologia.tess,apuleius,apologia,apologia
apuleius.florida.tess,apuleius,florida,florida
apuleius.metamorphoses.part.1.tess,apuleius,metamorphoses,1
apuleius.metamorphoses.part.10.tess,apuleius,metamorphoses,10
apuleius.metamorphoses.part.11.tess,apuleius,metamorphoses,11
apuleius.metamorphoses.part.2.tess,apuleius,metamorphoses,2
apuleius.metamorphoses.part.3.tess,apuleius,metamorphoses,3
apuleius.metamorphoses.part.4.tess,apuleius,metamorphoses,4
apuleius.metamorphoses.part.5.tess,apuleius,metamorphoses,5
apuleius.metamorphoses.part.6.tess,apuleius,metamorphoses,6
apuleius.metamorphoses.part.7.tess,apuleius,metamorphoses,7
apuleius.metamorphoses.part.8.tess,apuleius,metamorphoses,8
apuleius.metamorphoses.part.9.tess,apuleius,metamorphoses,9
aristotle.economics_book_3.tess,aristotle,economics_book_3,economics_book_3
augustine.de_doctrina_christiana.part.4.tess,augustine,de_doctrina_christiana,4
augustine.epistulae_selections.part.1.1-10.tess,augustine,epistulae_selections,1-10
augustine.epistulae_selections.part.2.11-20.tess,augustine,epistulae_selections,11-20
augustine.epistulae_selections.part.3.21-30.tess,augustine,epistulae_selections,21-30
augustine.epistulae_selections.part.4.31-40.tess,augustine,epistulae_selections,31-40
augustine.epistulae_selections.part.5.41-50.tess,augustine,epistulae_selections,41-50
augustine.epistulae_selections.part.6.51-62.tess,augustine,epistulae_selections,51-62
aurelius_victor.de_caesaribus.tess,aurelius_victor,de_caesaribus,de_caesaribus
aurelius_victor.epitome_de_caesaribus.tess,aurelius_victor,epitome_de_caesaribus,epitome_de_caesaribus
ausonius.cento_nuptialis.tess,ausonius,cento_nuptialis,cento_nuptialis
ausonius.commemoratio_professorum_burdigalensium.tess,ausonius,commemoratio_professorum_burdigalensium,commemoratio_professorum_burdigalensium
ausonius.cupido_cruciatus.tess,ausonius,cupido_cruciatus,cupido_cruciatus
ausonius.de_bissula.tess,ausonius,de_bissula,de_bissula
ausonius.de_herediolo.tess,ausonius,de_herediolo,de_herediolo
ausonius.de_xii_caesaribus.tess,ausonius,de_xii_caesaribus,de_xii_caesaribus
ausonius.eclogarum_liber.tess,ausonius,eclogarum_liber,eclogarum_liber
ausonius.ephemeris_id_est_totius_diei_negotium.tess,ausonius,ephemeris_id_est_totius_diei_negotium,ephemeris_id_est_totius_diei_negotium
ausonius.epicedion_in_patrem.tess,ausonius,epicedion_in_patrem,epicedion_in_patrem
ausonius.epigrammata_ausonii_de_diversis_rebus.tess,ausonius,epigrammata_ausonii_de_diversis_rebus,epigrammata_ausonii_de_diversis_rebus
ausonius.epistularum.tess,ausonius,epistularum,epistularum
ausonius.epitaphia_heroum_qui_bello_troico_interfuerunt.tess,ausonius,epitaphia_heroum_qui_bello_troico_interfuerunt,epitaphia_heroum_qui_bello_troico_interfuerunt
ausonius.gratiarum_actio.tess,ausonius,gratiarum_actio,gratiarum_actio
ausonius.griphus_ternarii_numeri.tess,ausonius,griphus_ternarii_numeri,griphus_ternarii_numeri
ausonius.libri_de_fastis_conclusio.tess,ausonius,libri_de_fastis_conclusio,libri_de_fastis_conclusio
ausonius.ludus_septem_sapientum.tess,ausonius,ludus_septem_sapientum,ludus_septem_sapientum
ausonius.mosella.tess,ausonius,mosella,mosella
ausonius.oratio_consulis_ausonii_versibus_rhopalicis.tess,ausonius,oratio_consulis_ausonii_versibus_rhopalicis,oratio_consulis_ausonii_versibus_rhopalicis
ausonius.ordo_urbium_nobilium.tess,ausonius,ordo_urbium_nobilium,ordo_urbium_nobilium
ausonius.parentalia.tess,ausonius,parentalia,parentalia
ausonius.praefatiunculae.tess,ausonius,praefatiunculae,praefatiunculae
ausonius.precationes.tess,ausonius,precationes,precationes
ausonius.technopaegnion.tess,ausonius,technopaegnion,technopaegnion
ausonius.versus_paschales_pro_augusto_dicti.tess,ausonius,versus_paschales_pro_augusto_dicti,versus_paschales_pro_augusto_dicti
bede.historiam_ecclesiasticam_gentis_anglorum.part.1.tess,bede,historiam_ecclesiasticam_gentis_anglorum,1
bede.historiam_ecclesiasticam_gentis_anglorum.part.2.tess,bede,historiam_ecclesiasticam_gentis_anglorum,2
bede.historiam_ecclesiasticam_gentis_anglorum.part.3.tess,bede,historiam_ecclesiasticam_gentis_anglorum,3
bede.historiam_ecclesiasticam_gentis_anglorum.part.4.tess,bede,historiam_ecclesiasticam_gentis_anglorum,4
bede.historiam_ecclesiasticam_gentis_anglorum.part.5.tess,bede,historiam_ecclesiasticam_gentis_anglorum,5
boethius.consolatio_philosophiae.part.1.tess,boethius,consolatio_philosophiae,1
boethius.consolatio_philosophiae.part.2.tess,boethius,consolatio_philosophiae,2
boethius.consolatio_philosophiae.part.3.tess,boethius,consolatio_philosophiae,3
boethius.consolatio_philosophiae.part.4.tess,boethius,consolatio_philosophiae,4
boethius.consolatio_philosophiae.part.5.tess,boethius,consolatio_philosophiae,5
boethius.de_fide_catholica.tess,boethius,de_fide_catholica,de_fide_catholica
boethius.liber_de_persona_et_duabus_naturis_contra_eutychen_et_nestorium.tess,boethius,liber_de_persona_et_duabus_naturis_contra_eutychen_et_nestorium,liber_de_persona_et_duabus_naturis_contra_eutychen_et_nestorium
boethius.quomodo_substantiae_in_eo_quod_sint_bonae_sint_cum_non_sint_substantialia_bona.tess,boethius,quomodo_substantiae_in_eo_quod_sint_bonae_sint_cum_non_sint_substantialia_bona,quomodo_substantiae_in_eo_quod_sint_bonae_sint_cum_non_sint_substantialia_bona
boethius.quomodo_trinitas.tess,boethius,quomodo_trinitas,quomodo_trinitas
boethius.utrum_pater.tess,boethius,utrum_pater,utrum_pater
caesar.de_bello_civili.part.1.tess,caesar,de_bello_civili,1
caesar.de_bello_civili.part.2.tess,caesar,de_bello_civili,2
caesar.de_bello_civili.part.3.tess,caesar,de_bello_civili,3
caesar.de_bello_gallico.part.1.tess,caesar,de_bello_gallico,1
caesar.de_bello_gallico.part.2.tess,caesar,de_bello_gallico,2
caesar.de_bello_gallico.part.3.tess,caesar,de_bello_gallico,3
caesar.de_bello_gallico.part.4.tess,caesar,de_bello_gallico,4
caesar.de_bello_gallico.part.5.tess,caesar,de_bello_gallico,5
caesar.de_bello_gallico.part.6.tess,caesar,de_bello_gallico,6
caesar.de_bello_gallico.part.7.tess,caesar,de_bello_gallico,7
caesar.de_bello_gallico.part.8.tess,caesar,de_bello_gallico,8
caesar_augustus.res_gestae_divi_augusti.tess,caesar_augustus,res_gestae_divi_augusti,res_gestae_divi_augusti
catullus.carmina.tess,catullus,carmina,carmina
celsus.de_medicina.part.1.tess,celsus,de_medicina,1
celsus.de_medicina.part.2.tess,celsus,de_medicina,2
celsus.de_medicina.part.3.tess,celsus,de_medicina,3
celsus.de_medicina.part.4.tess,celsus,de_medicina,4
celsus.de_medicina.part.5.tess,celsus,de_medicina,5
celsus.de_medicina.part.6.tess,celsus,de_medicina,6
celsus.de_medicina.part.7.tess,celsus,de_medicina,7
celsus.de_medicina.part.8.tess,celsus,de_medicina,8
cicero.academica.tess,cicero,academica,academica
cicero.brutus.tess,cicero,brutus,brutus
cicero.cum_populo_gratias_egit.tess,cicero,cum_populo_gratias_egit,cum_populo_gratias_egit
cicero.de_amicitia.tess,cicero,de_amicitia,de_amicitia
cicero.de_divinatione.tess,cicero,de_divinatione,de_divinatione
cicero.de_domo_sua.tess,cicero,de_domo_sua,de_domo_sua
cicero.de_fato.tess,cicero,de_fato,de_fato
cicero.de_finibus_bonorum_et_malorum.part.1.tess,cicero,de_finibus_bonorum_et_malorum,1
cicero.de_finibus_bonorum_et_malorum.part.2.tess,cicero,de_finibus_bonorum_et_malorum,2
cicero.de_finibus_bonorum_et_malorum.part.3.tess,cicero,de_finibus_bonorum_et_malorum,3
cicero.de_finibus_bonorum_et_malorum.part.4.tess,cicero,de_finibus_bonorum_et_malorum,4
cicero.de_finibus_bonorum_et_malorum.part.5.tess,cicero,de_finibus_bonorum_et_malorum,5
cicero.de_haruspicum_responso.tess,cicero,de_haruspicum_responso,de_haruspicum_responso
cicero.de_imperio_cn_pompei.tess,cicero,de_imperio_cn_pompei,de_imperio_cn_pompei
cicero.de_inventione.part.1.tess,cicero,de_inventione,1
cicero.de_inventione.part.2.tess,cicero,de_inventione,2
cicero.de_lege_agraria_contra_rullum.tess,cicero,de_lege_agraria_contra_rullum,de_lege_agraria_contra_rullum
cicero.de_natura_deorum.part.1.tess,cicero,de_natura_deorum,1
cicero.de_natura_deorum.part.2.tess,cicero,de_natura_deorum,2
cicero.de_natura_deorum.part.3.tess,cicero,de_natura_deorum,3
cicero.de_officiis.part.1.tess,cicero,de_officiis,1
cicero.de_officiis.part.2.tess,cicero,de_officiis,2
cicero.de_officiis.part.3.tess,cicero,de_officiis,3
cicero.de_optimo_genere_oratorum.tess,cicero,de_optimo_genere_oratorum,de_optimo_genere_oratorum
cicero.de_oratore.part.1.tess,cicero,de_oratore,1
cicero.de_oratore.part.2.tess,cicero,de_oratore,2
cicero.de_oratore.part.3.tess,cicero,de_oratore,3
cicero.de_partitione_oratoria.tess,cicero,de_partitione_oratoria,de_partitione_oratoria
cicero.de_provinciis_consularibus.tess,cicero,de_provinciis_consularibus,de_provinciis_consularibus
cicero.de_republica.tess,cicero,de_republica,de_republica
cicero.de_senectute.tess,cicero,de_senectute,de_senectute
cicero.divinatio_in_c_verrem.part.1.tess,cicero,divinatio_in_c_verrem,1
cicero.divinatio_in_c_verrem.part.2.tess,cicero,divinatio_in_c_verrem,2
cicero.divinatio_in_c_verrem.part.3.tess,cicero,divinatio_in_c_verrem,3
cicero.divinatio_in_c_verrem.part.4.tess,cicero,divinatio_in_c_verrem,4
cicero.divinatio_in_c_verrem.part.5.tess,cicero,divinatio_in_c_verrem,5
cicero.divinatio_in_c_verrem.part.6.tess,cicero,divinatio_in_c_verrem,6
cicero.divinatio_in_q_caecilium.tess,cicero,divinatio_in_q_caecilium,divinatio_in_q_caecilium
cicero.epistulae_ad_familiares.part.1.ad_lentulum.tess,cicero,epistulae_ad_familiares,ad_lentulum
cicero.epistulae_ad_familiares.part.10.ad_plancum_et_ceteros.tess,cicero,epistulae_ad_familiares,ad_plancum_et_ceteros
cicero.epistulae_ad_familiares.part.11.at_brutum_et_ceteros.tess,cicero,epistulae_ad_familiares,at_brutum_et_ceteros
cicero.epistulae_ad_familiares.part.12.ad_cassium_et_ceteros.tess,cicero,epistulae_ad_familiares,ad_cassium_et_ceteros
cicero.epistulae_ad_familiares.part.13.ad_memmium_et_ceteros.tess,cicero,epistulae_ad_familiares,ad_memmium_et_ceteros
cicero.epistulae_ad_familiares.part.14.ad_terentiam_uxorem.tess,cicero,epistulae_ad_familiares,ad_terentiam_uxorem
cicero.epistulae_ad_familiares.part.15.ad_senatum_et_ceteros.tess,cicero,epistulae_ad_familiares,ad_senatum_et_ceteros
cicero.epistulae_ad_familiares.part.16.ad_tironem.tess,cicero,epistulae_ad_familiares,ad_tironem
cicero.epistulae_ad_familiares.part.2.ad_curionem_et_ceteros.tess,cicero,epistulae_ad_familiares,ad_curionem_et_ceteros
cicero.epistulae_ad_familiares.part.3.ad_claudium_pulchrum.tess,cicero,epistulae_ad_familiares,ad_claudium_pulchrum
cicero.epistulae_ad_familiares.part.4.ad_sulpicium_et_ceteros.tess,cicero,epistulae_ad_familiares,ad_sulpicium_et_ceteros
cicero.epistulae_ad_familiares.part.5.ad_metellum_et_ceteros.tess,cicero,epistulae_ad_familiares,ad_metellum_et_ceteros
cicero.epistulae_ad_familiares.part.6.ad_torquatum_et_ceteros.tess,cicero,epistulae_ad_familiares,ad_torquatum_et_ceteros
cicero.epistulae_ad_familiares.part.7.ad_marium_et_ceteros.tess,cicero,epistulae_ad_familiares,ad_marium_et_ceteros
cicero.epistulae_ad_familiares.part.8.caeli_epistulae_ad_ciceronem.tess,cicero,epistulae_ad_familiares,caeli_epistulae_ad_ciceronem
cicero.epistulae_ad_familiares.part.9.ad_varronem_et_ceteros.tess,cicero,epistulae_ad_familiares,ad_varronem_et_ceteros
cicero.in_catilinam.tess,cicero,in_catilinam,in_catilinam
cicero.in_l_pisonem.tess,cicero,in_l_pisonem,in_l_pisonem
cicero.in_vatinium.tess,cicero,in_vatinium,in_vatinium
cicero.letters_to_atticus.part.1.tess,cicero,letters_to_atticus,1
cicero.letters_to_atticus.part.10.tess,cicero,letters_to_atticus,10
cicero.letters_to_atticus.part.11.tess,cicero,letters_to_atticus,11
cicero.letters_to_atticus.part.12.tess,cicero,letters_to_atticus,12
cicero.letters_to_atticus.part.13.tess,cicero,letters_to_atticus,13
cicero.letters_to_atticus.part.14.tess,cicero,letters_to_atticus,14
cicero.letters_to_atticus.part.15.tess,cicero,letters_to_atticus,15
cicero.letters_to_atticus.part.16.tess,cicero,letters_to_atticus,16
cicero.letters_to_atticus.part.2.tess,cicero,letters_to_atticus,2
cicero.letters_to_atticus.part.3.tess,cicero,letters_to_atticus,3
cicero.letters_to_atticus.part.4.tess,cicero,letters_to_atticus,4
cicero.letters_to_atticus.part.5.tess,cicero,letters_to_atticus,5
cicero.letters_to_atticus.part.6.tess,cicero,letters_to_atticus,6
cicero.letters_to_atticus.part.7.tess,cicero,letters_to_atticus,7
cicero.letters_to_atticus.part.8.tess,cicero,letters_to_atticus,8
cicero.letters_to_atticus.part.9.tess,cicero,letters_to_atticus,9
cicero.letters_to_brutus.tess,cicero,letters_to_brutus,letters_to_brutus
cicero.letters_to_quintus.tess,cicero,letters_to_quintus,letters_to_quintus
cicero.lucullus.tess,cicero,lucullus,lucullus
cicero.orator.tess,cicero,orator,orator
cicero.paradoxa_stoicorum_ad_m_brutum.tess,cicero,paradoxa_stoicorum_ad_m_brutum,paradoxa_stoicorum_ad_m_brutum
cicero.philippicae.part.1.tess,cicero,philippicae,1
cicero.philippicae.part.10.tess,cicero,philippicae,10
cicero.philippicae.part.11.tess,cicero,philippicae,11
cicero.philippicae.part.12.tess,cicero,philippicae,12
cicero.philippicae.part.13.tess,cicero,philippicae,13
cicero.philippicae.part.14.tess,cicero,philippicae,14
cicero.philippicae.part.2.tess,cicero,philippicae,2
cicero.philippicae.part.3.tess,cicero,philippicae,3
cicero.philippicae.part.4.tess,cicero,philippicae,4
cicero.philippicae.part.5.tess,cicero,philippicae,5
cicero.philippicae.part.6.tess,cicero,philippicae,6
cicero.philippicae.part.7.tess,cicero,philippicae,7
cicero.philippicae.part.8.tess,cicero,philippicae,8
cicero.philippicae.part.9.tess,cicero,philippicae,9
cicero.post_reditum_in_senatu.tess,cicero,post_reditum_in_senatu,post_reditum_in_senatu
cicero.pro_a_caecina.tess,cicero,pro_a_caecina,pro_a_caecina
cicero.pro_a_cluentio.tess,cicero,pro_a_cluentio,pro_a_cluentio
cicero.pro_archia.tess,cicero,pro_archia,pro_archia
cicero.pro_balbo.tess,cicero,pro_balbo,pro_balbo
cicero.pro_c_rabirio.tess,cicero,pro_c_rabirio,pro_c_rabirio
cicero.pro_c_rabirio_postumo.tess,cicero,pro_c_rabirio_postumo,pro_c_rabirio_postumo
cicero.pro_fonteio.tess,cicero,pro_fonteio,pro_fonteio
cicero.pro_l_flacco.tess,cicero,pro_l_flacco,pro_l_flacco
cicero.pro_ligario.tess,cicero,pro_ligario,pro_ligario
cicero.pro_m_caelio.tess,cicero,pro_m_caelio,pro_m_caelio
cicero.pro_marcello.tess,cicero,pro_marcello,pro_marcello
cicero.pro_milone.tess,cicero,pro_milone,pro_milone
cicero.pro_murena.tess,cicero,pro_murena,pro_murena
cicero.pro_plancio.tess,cicero,pro_plancio,pro_plancio
cicero.pro_publio_quinctio.tess,cicero,pro_publio_quinctio,pro_publio_quinctio
cicero.pro_q_roscio_comoedo.tess,cicero,pro_q_roscio_comoedo,pro_q_roscio_comoedo
cicero.pro_rege_deiotaro.tess,cicero,pro_rege_deiotaro,pro_rege_deiotaro
cicero.pro_s_roscio.tess,cicero,pro_s_roscio,pro_s_roscio
cicero.pro_scauro.tess,cicero,pro_scauro,pro_scauro
cicero.pro_sestio.tess,cicero,pro_sestio,pro_sestio
cicero.pro_sulla.tess,cicero,pro_sulla,pro_sulla
cicero.pro_tullio.tess,cicero,pro_tullio,pro_tullio
cicero.timaeus.tess,cicero,timaeus,timaeus
cicero.topica.tess,cicero,topica,topica
cicero.tusculanae_disputationes.part.1.tess,cicero,tusculanae_disputationes,1
cicero.tusculanae_disputationes.part.2.tess,cicero,tusculanae_disputationes,2
cicero.tusculanae_disputationes.part.3.tess,cicero,tusculanae_disputationes,3
cicero.tusculanae_disputationes.part.4.tess,cicero,tusculanae_disputationes,4
cicero.tusculanae_disputationes.part.5.tess,cicero,tusculanae_disputationes,5
claudian.carmina_minora.tess,claudian,carmina_minora,carmina_minora
claudian.de_bello_gildonico.tess,claudian,de_bello_gildonico,de_bello_gildonico
claudian.de_bello_gothico.tess,claudian,de_bello_gothico,de_bello_gothico
claudian.de_consulatu_stilichonis.part.1.tess,claudian,de_consulatu_stilichonis,1
claudian.de_consulatu_stilichonis.part.2.tess,claudian,de_consulatu_stilichonis,2
claudian.de_consulatu_stilichonis.part.3.tess,claudian,de_consulatu_stilichonis,3
claudian.de_raptu_proserpinae.part.1.tess,claudian,de_raptu_proserpinae,1
claudian.de_raptu_proserpinae.part.2.tess,claudian,de_raptu_proserpinae,2
claudian.de_raptu_proserpinae.part.3.tess,claudian,de_raptu_proserpinae,3
claudian.epithalamium_de_nuptiis_honorii_augusti.tess,claudian,epithalamium_de_nuptiis_honorii_augusti,epithalamium_de_nuptiis_honorii_augusti
claudian.in_consulatum_olybrii_et_probini.tess,claudian,in_consulatum_olybrii_et_probini,in_consulatum_olybrii_et_probini
claudian.in_eutropium.part.1.tess,claudian,in_eutropium,1
claudian.in_eutropium.part.2.tess,claudian,in_eutropium,2
claudian.in_rufinum.part.1.tess,claudian,in_rufinum,1
claudian.in_rufinum.part.2.tess,claudian,in_rufinum,2
claudian.panegyricus_de_quarto_consulatu_honorii_augusti.tess,claudian,panegyricus_de_quarto_consulatu_honorii_augusti,panegyricus_de_quarto_consulatu_honorii_augusti
claudian.panegyricus_de_sexto_consulatu_honorii_augusti.tess,claudian,panegyricus_de_sexto_consulatu_honorii_augusti,panegyricus_de_sexto_consulatu_honorii_augusti
claudian.panegyricus_de_tertio_consulatu_honorii_augusti.tess,claudian,panegyricus_de_tertio_consulatu_honorii_augusti,panegyricus_de_tertio_consulatu_honorii_augusti
claudian.panegyricus_dictus_manlio_theodoro_consuli.tess,claudian,panegyricus_dictus_manlio_theodoro_consuli,panegyricus_dictus_manlio_theodoro_consuli
columella.de_re_rustica.part.1.tess,columella,de_re_rustica,1
columella.de_re_rustica.part.2.tess,columella,de_re_rustica,2
columella.de_re_rustica.part.3.tess,columella,de_re_rustica,3
columella.de_re_rustica.part.4.tess,columella,de_re_rustica,4
columella.de_re_rustica.part.5.tess,columella,de_re_rustica,5
columella.de_re_rustica.part.6.tess,columella,de_re_rustica,6
columella.de_re_rustica.part.7.tess,columella,de_re_rustica,7
columella.de_re_rustica.part.8.tess,columella,de_re_rustica,8
columella.de_re_rustica.part.9.tess,columella,de_re_rustica,9
corippus.johannis.part.1.tess,corippus,johannis,1
corippus.johannis.part.2.tess,corippus,johannis,2
corippus.johannis.part.3.tess,corippus,johannis,3
corippus.johannis.part.4.tess,corippus,johannis,4
corippus.johannis.part.5.tess,corippus,johannis,5
corippus.johannis.part.6.tess,corippus,johannis,6
corippus.johannis.part.7.tess,corippus,johannis,7
corippus.johannis.part.8.tess,corippus,johannis,8
curtius_rufus.historiae_alexandri_magni.part.10.tess,curtius_rufus,historiae_alexandri_magni,10
curtius_rufus.historiae_alexandri_magni.part.3.tess,curtius_rufus,historiae_alexandri_magni,3
curtius_rufus.historiae_alexandri_magni.part.4.tess,curtius_rufus,historiae_alexandri_magni,4
curtius_rufus.historiae_alexandri_magni.part.5.tess,curtius_rufus,historiae_alexandri_magni,5
curtius_rufus.historiae_alexandri_magni.part.6.tess,curtius_rufus,historiae_alexandri_magni,6
curtius_rufus.historiae_alexandri_magni.part.7.tess,curtius_rufus,historiae_alexandri_magni,7
curtius_rufus.historiae_alexandri_magni.part.8.tess,curtius_rufus,historiae_alexandri_magni,8
curtius_rufus.historiae_alexandri_magni.part.9.tess,curtius_rufus,historiae_alexandri_magni,9
dracontius.de_laudibus_dei.part.1.tess,dracontius,de_laudibus_dei,1
dracontius.de_laudibus_dei.part.2.tess,dracontius,de_laudibus_dei,2
dracontius.de_laudibus_dei.part.3.tess,dracontius,de_laudibus_dei,3
dracontius.orestes.tess,dracontius,orestes,orestes
dracontius.romulea.part.1.tess,dracontius,romulea,1
dracontius.romulea.part.10.tess,dracontius,romulea,10
dracontius.romulea.part.2.tess,dracontius,romulea,2
dracontius.romulea.part.3.tess,dracontius,romulea,3
dracontius.romulea.part.4.tess,dracontius,romulea,4
dracontius.romulea.part.5.tess,dracontius,romulea,5
dracontius.romulea.part.6.tess,dracontius,romulea,6
dracontius.romulea.part.7.tess,dracontius,romulea,7
dracontius.romulea.part.8.tess,dracontius,romulea,8
dracontius.romulea.part.9.tess,dracontius,romulea,9
dracontius.romulea.part.fragments.tess,dracontius,romulea,fragments
dracontius.satisfactio.tess,dracontius,satisfactio,satisfactio
ennius.annales.tess,ennius,annales,annales
ennodius.opera.tess,ennodius,opera,opera
eutropius.brevarium.tess,eutropius,brevarium,brevarium
florus.epitome_bellorum_omnium_annorum.tess,florus,epitome_bellorum_omnium_annorum,epitome_bellorum_omnium_annorum
gellius.attic_nights.part.1.tess,gellius,attic_nights,1
gellius.attic_nights.part.10.tess,gellius,attic_nights,10
gellius.attic_nights.part.11.tess,gellius,attic_nights,11
gellius.attic_nights.part.12.tess,gellius,attic_nights,12
gellius.attic_nights.part.13.tess,gellius,attic_nights,13
gellius.attic_nights.part.14.tess,gellius,attic_nights,14
gellius.attic_nights.part.15.tess,gellius,attic_nights,15
gellius.attic_nights.part.16.tess,gellius,attic_nights,16
gellius.attic_nights.part.17.tess,gellius,attic_nights,17
gellius.attic_nights.part.18.tess,gellius,attic_nights,18
gellius.attic_nights.part.19.tess,gellius,attic_nights,19
gellius.attic_nights.part.2.tess,gellius,attic_nights,2
gellius.attic_nights.part.20.tess,gellius,attic_nights,20
gellius.attic_nights.part.3.tess,gellius,attic_nights,3
gellius.attic_nights.part.4.tess,gellius,attic_nights,4
gellius.attic_nights.part.5.tess,gellius,attic_nights,5
gellius.attic_nights.part.6.tess,gellius,attic_nights,6
gellius.attic_nights.part.7.tess,gellius,attic_nights,7
gellius.attic_nights.part.8.tess,gellius,attic_nights,8
gellius.attic_nights.part.9.tess,gellius,attic_nights,9
gellius.attic_nights.part.pr.tess,gellius,attic_nights,pr
glass.washingtonii_vita.tess,glass,washingtonii_vita,washingtonii_vita
horace.ars_poetica.tess,horace,ars_poetica,ars_poetica
horace.carmen_saeculare.tess,horace,carmen_saeculare,carmen_saeculare
horace.epistles.tess,horace,epistles,epistles
horace.epodes.tess,horace,epodes,epodes
horace.odes.part.1.tess,horace,odes,1
horace.odes.part.2.tess,horace,odes,2
horace.odes.part.3.tess,horace,odes,3
horace.odes.part.4.tess,horace,odes,4
horace.satires.part.1.tess,horace,satires,1
horace.satires.part.2.tess,horace,satires,2
italicus.ilias_latina.tess,italicus,ilias_latina,ilias_latina
jerome.epistulae.tess,jerome,epistulae,epistulae
jerome.vulgate.part.1.genesis.tess,jerome,vulgate,genesis
jerome.vulgate.part.10.2_samuel.tess,jerome,vulgate,2_samuel
jerome.vulgate.part.11.1_kings.tess,jerome,vulgate,1_kings
jerome.vulgate.part.12.1_chronicles.tess,jerome,vulgate,1_chronicles
jerome.vulgate.part.13.2_kings.tess,jerome,vulgate,2_kings
jerome.vulgate.part.14.2_chronicles.tess,jerome,vulgate,2_chronicles
jerome.vulgate.part.15.ezra.tess,jerome,vulgate,ezra
jerome.vulgate.part.16.nehemiah.tess,jerome,vulgate,nehemiah
jerome.vulgate.part.17.tobias.tess,jerome,vulgate,tobias
jerome.vulgate.part.18.judith.tess,jerome,vulgate,judith
jerome.vulgate.part.19.esther.tess,jerome,vulgate,esther
jerome.vulgate.part.2.exodus.tess,jerome,vulgate,exodus
jerome.vulgate.part.20.job.tess,jerome,vulgate,job
jerome.vulgate.part.21.psalms.tess,jerome,vulgate,psalms
jerome.vulgate.part.21a.old_latin_psalms.tess,jerome,vulgate,old_latin_psalms
jerome.vulgate.part.21b.psalm.tess,jerome,vulgate,psalm
jerome.vulgate.part.22.proverbs.tess,jerome,vulgate,proverbs
jerome.vulgate.part.23.ecclesiastes.tess,jerome,vulgate,ecclesiastes
jerome.vulgate.part.24.song_of_songs.tess,jerome,vulgate,song_of_songs
jerome.vulgate.part.25.wisdom.tess,jerome,vulgate,wisdom
jerome.vulgate.part.26.sirach.tess,jerome,vulgate,sirach
jerome.vulgate.part.27.isaiah.tess,jerome,vulgate,isaiah
jerome.vulgate.part.28.jeremiah.tess,jerome,vulgate,jeremiah
jerome.vulgate.part.29.lamentations.tess,jerome,vulgate,lamentations
jerome.vulgate.part.3.leviticus.tess,jerome,vulgate,leviticus
jerome.vulgate.part.30.baruch.tess,jerome,vulgate,baruch
jerome.vulgate.part.31.ezekiel.tess,jerome,vulgate,ezekiel
jerome.vulgate.part.32.daniel.tess,jerome,vulgate,daniel
jerome.vulgate.part.33.hosea.tess,jerome,vulgate,hosea
jerome.vulgate.part.34.joel.tess,jerome,vulgate,joel
jerome.vulgate.part.35.amos.tess,jerome,vulgate,amos
jerome.vulgate.part.36.obadiah.tess,jerome,vulgate,obadiah
jerome.vulgate.part.37.jonah.tess,jerome,vulgate,jonah
jerome.vulgate.part.38.micah.tess,jerome,vulgate,micah
jerome.vulgate.part.39.nahum.tess,jerome,vulgate,nahum
jerome.vulgate.part.4.numbers.tess,jerome,vulgate,numbers
jerome.vulgate.part.40.habbakuk.tess,jerome,vulgate,habbakuk
jerome.vulgate.part.41.zephoniah.tess,jerome,vulgate,zephoniah
jerome.vulgate.part.42.haggaiah.tess,jerome,vulgate,haggaiah
jerome.vulgate.part.43.zechariah.tess,jerome,vulgate,zechariah
jerome.vulgate.part.44.malachi.tess,jerome,vulgate,malachi
jerome.vulgate.part.45.1_maccabees.tess,jerome,vulgate,1_maccabees
jerome.vulgate.part.46.2_maccabees.tess,jerome,vulgate,2_maccabees
jerome.vulgate.part.47.matthew.tess,jerome,vulgate,matthew
jerome.vulgate.part.48.mark.tess,jerome,vulgate,mark
jerome.vulgate.part.49.luke.tess,jerome,vulgate,luke
jerome.vulgate.part.5.deuteronomy.tess,jerome,vulgate,deuteronomy
jerome.vulgate.part.50.john.tess,jerome,vulgate,john
jerome.vulgate.part.51.acts.tess,jerome,vulgate,acts
jerome.vulgate.part.52.romans.tess,jerome,vulgate,romans
jerome.vulgate.part.53.1_corinthians.tess,jerome,vulgate,1_corinthians
jerome.vulgate.part.54.2_corinthians.tess,jerome,vulgate,2_corinthians
jerome.vulgate.part.55.galatians.tess,jerome,vulgate,galatians
jerome.vulgate.part.56.ephesians.tess,jerome,vulgate,ephesians
jerome.vulgate.part.57.philippians.tess,jerome,vulgate,philippians
jerome.vulgate.part.58.colossians.tess,jerome,vulgate,colossians
jerome.vulgate.part.59.1_thessalonians.tess,jerome,vulgate,1_thessalonians
jerome.vulgate.part.6.joshua.tess,jerome,vulgate,joshua
jerome.vulgate.part.60.2_thessalonians.tess,jerome,vulgate,2_thessalonians
jerome.vulgate.part.61.1_timothy.tess,jerome,vulgate,1_timothy
jerome.vulgate.part.62.2_timothy.tess,jerome,vulgate,2_timothy
jerome.vulgate.part.63.titus.tess,jerome,vulgate,titus
jerome.vulgate.part.64.philemon.tess,jerome,vulgate,philemon
jerome.vulgate.part.65.hebrews.tess,jerome,vulgate,hebrews
jerome.vulgate.part.66.james.tess,jerome,vulgate,james
jerome.vulgate.part.67.1_peter.tess,jerome,vulgate,1_peter
jerome.vulgate.part.68.2_peter.tess,jerome,vulgate,2_peter
jerome.vulgate.part.69.1_john.tess,jerome,vulgate,1_john
jerome.vulgate.part.7.judges.tess,jerome,vulgate,judges
jerome.vulgate.part.70.2_john.tess,jerome,vulgate,2_john
jerome.vulgate.part.71.3_john.tess,jerome,vulgate,3_john
jerome.vulgate.part.72.jude.tess,jerome,vulgate,jude
jerome.vulgate.part.73.apocalypse.tess,jerome,vulgate,apocalypse
jerome.vulgate.part.73a.epistle_of_paul_to_the_laodicians.tess,jerome,vulgate,epistle_of_paul_to_the_laodicians
jerome.vulgate.part.74.1_esdras.tess,jerome,vulgate,1_esdras
jerome.vulgate.part.75.2_esdras.tess,jerome,vulgate,2_esdras
jerome.vulgate.part.76.prayer_of_manasseh.tess,jerome,vulgate,prayer_of_manasseh
jerome.vulgate.part.8.ruth.tess,jerome,vulgate,ruth
jerome.vulgate.part.9.1_samuel.tess,jerome,vulgate,1_samuel
juvenal.satires.tess,juvenal,satires,satires
juvencus.historia_evangelica.part.1.tess,juvencus,historia_evangelica,1
juvencus.historia_evangelica.part.2.tess,juvencus,historia_evangelica,2
juvencus.historia_evangelica.part.3.tess,juvencus,historia_evangelica,3
juvencus.historia_evangelica.part.4.tess,juvencus,historia_evangelica,4
livy.ab_urbe_condita.part.1.books_1-10.tess,livy,ab_urbe_condita,books_1-10
livy.ab_urbe_condita.part.2.books_21-30.tess,livy,ab_urbe_condita,books_21-30
livy.ab_urbe_condita.part.3.books_31-40.tess,livy,ab_urbe_condita,books_31-40
livy.ab_urbe_condita.part.4.books_41-45.tess,livy,ab_urbe_condita,books_41-45
lucan.bellum_civile.part.1.tess,lucan,bellum_civile,1
lucan.bellum_civile.part.10.tess,lucan,bellum_civile,10
lucan.bellum_civile.part.2.tess,lucan,bellum_civile,2
lucan.bellum_civile.part.3.tess,lucan,bellum_civile,3
lucan.bellum_civile.part.4.tess,lucan,bellum_civile,4
lucan.bellum_civile.part.5.tess,lucan,bellum_civile,5
lucan.bellum_civile.part.6.tess,lucan,bellum_civile,6
lucan.bellum_civile.part.7.tess,lucan,bellum_civile,7
lucan.bellum_civile.part.8.tess,lucan,bellum_civile,8
lucan.bellum_civile.part.9.tess,lucan,bellum_civile,9
lucretius.de_rerum_natura.part.1.tess,lucretius,de_rerum_natura,1
lucretius.de_rerum_natura.part.2.tess,lucretius,de_rerum_natura,2
lucretius.de_rerum_natura.part.3.tess,lucretius,de_rerum_natura,3
lucretius.de_rerum_natura.part.4.tess,lucretius,de_rerum_natura,4
lucretius.de_rerum_natura.part.5.tess,lucretius,de_rerum_natura,5
lucretius.de_rerum_natura.part.6.tess,lucretius,de_rerum_natura,6
macrobius.fragment.tess,macrobius,fragment,fragment
macrobius.saturnalia.part.1.tess,macrobius,saturnalia,1
macrobius.saturnalia.part.2.tess,macrobius,saturnalia,2
macrobius.saturnalia.part.3.tess,macrobius,saturnalia,3
macrobius.saturnalia.part.4.tess,macrobius,saturnalia,4
macrobius.saturnalia.part.5.tess,macrobius,saturnalia,5
macrobius.saturnalia.part.6.tess,macrobius,saturnalia,6
macrobius.saturnalia.part.7.tess,macrobius,saturnalia,7
manilius.astronomicon.part.1.tess,manilius,astronomicon,1
manilius.astronomicon.part.2.tess,manilius,astronomicon,2
manilius.astronomicon.part.3.tess,manilius,astronomicon,3
manilius.astronomicon.part.4.tess,manilius,astronomicon,4
manilius.astronomicon.part.5.tess,manilius,astronomicon,5
marcus_mincuius_felix.octavius.tess,marcus_mincuius_felix,octavius,octavius
martial.epigrams.part.1.tess,martial,epigrams,1
martial.epigrams.part.10.tess,martial,epigrams,10
martial.epigrams.part.11.tess,martial,epigrams,11
martial.epigrams.part.12.tess,martial,epigrams,12
martial.epigrams.part.13.tess,martial,epigrams,13
martial.epigrams.part.14.tess,martial,epigrams,14
martial.epigrams.part.2.tess,martial,epigrams,2
martial.epigrams.part.3.tess,martial,epigrams,3
martial.epigrams.part.4.tess,martial,epigrams,4
martial.epigrams.part.5.tess,martial,epigrams,5
martial.epigrams.part.6.tess,martial,epigrams,6
martial.epigrams.part.7.tess,martial,epigrams,7
martial.epigrams.part.8.tess,martial,epigrams,8
martial.epigrams.part.9.tess,martial,epigrams,9
nepos.vitae.tess,nepos,vitae,vitae
ovid.amores.part.1.tess,ovid,amores,1
ovid.amores.part.2.tess,ovid,amores,2
ovid.amores.part.3.tess,ovid,amores,3
ovid.ars_amatoria.part.1.tess,ovid,ars_amatoria,1
ovid.ars_amatoria.part.2.tess,ovid,ars_amatoria,2
ovid.ars_amatoria.part.3.tess,ovid,ars_amatoria,3
ovid.ex_ponto.part.1.tess,ovid,ex_ponto,1
ovid.ex_ponto.part.2.tess,ovid,ex_ponto,2
ovid.ex_ponto.part.3.tess,ovid,ex_ponto,3
ovid.ex_ponto.part.4.tess,ovid,ex_ponto,4
ovid.fasti.part.1.tess,ovid,fasti,1
ovid.fasti.part.2.tess,ovid,fasti,2
ovid.fasti.part.3.tess,ovid,fasti,3
ovid.fasti.part.4.tess,ovid,fasti,4
ovid.fasti.part.5.tess,ovid,fasti,5
ovid.fasti.part.6.tess,ovid,fasti,6
ovid.heroides.part.1.1-15.tess,ovid,heroides,1-15
ovid.heroides.part.2.16-21.tess,ovid,heroides,16-21
ovid.ibis.tess,ovid,ibis,ibis
ovid.medicamina_faciei_femineae.tess,ovid,medicamina_faciei_femineae,medicamina_faciei_femineae
ovid.metamorphoses.part.1.tess,ovid,metamorphoses,1
ovid.metamorphoses.part.10.tess,ovid,metamorphoses,10
ovid.metamorphoses.part.11.tess,ovid,metamorphoses,11
ovid.metamorphoses.part.12.tess,ovid,metamorphoses,12
ovid.metamorphoses.part.13.tess,ovid,metamorphoses,13
ovid.metamorphoses.part.14.tess,ovid,metamorphoses,14
ovid.metamorphoses.part.15.tess,ovid,metamorphoses,15
ovid.metamorphoses.part.2.tess,ovid,metamorphoses,2
ovid.metamorphoses.part.3.tess,ovid,metamorphoses,3
ovid.metamorphoses.part.4.tess,ovid,metamorphoses,4
ovid.metamorphoses.part.5.tess,ovid,metamorphoses,5
ovid.metamorphoses.part.6.tess,ovid,metamorphoses,6
ovid.metamorphoses.part.7.tess,ovid,metamorphoses,7
ovid.metamorphoses.part.8.tess,ovid,metamorphoses,8
ovid.metamorphoses.part.9.tess,ovid,metamorphoses,9
ovid.remedia_amoris.tess,ovid,remedia_amoris,remedia_amoris
ovid.tristia.part.1.tess,ovid,tristia,1
ovid.tristia.part.2.tess,ovid,tristia,2
ovid.tristia.part.3.tess,ovid,tristia,3
ovid.tristia.part.4.tess,ovid,tristia,4
ovid.tristia.part.5.tess,ovid,tristia,5
paulus_diaconus.carmina.tess,paulus_diaconus,carmina,carmina
persius.satires.tess,persius,satires,satires
petronius.satyricon.tess,petronius,satyricon,satyricon
plautus.amphitruo.tess,plautus,amphitruo,amphitruo
plautus.asinaria.tess,plautus,asinaria,asinaria
plautus.aulularia.tess,plautus,aulularia,aulularia
plautus.bacchides.tess,plautus,bacchides,bacchides
plautus.captivi.tess,plautus,captivi,captivi
plautus.casina.tess,plautus,casina,casina
plautus.cistellaria.tess,plautus,cistellaria,cistellaria
plautus.curculio.tess,plautus,curculio,curculio
plautus.epidicus.tess,plautus,epidicus,epidicus
plautus.menaechmi.tess,plautus,menaechmi,menaechmi
plautus.mercator.tess,plautus,mercator,mercator
plautus.miles_gloriosus.tess,plautus,miles_gloriosus,miles_gloriosus
plautus.mostellaria.tess,plautus,mostellaria,mostellaria
plautus.persa.tess,plautus,persa,persa
plautus.poenulus.tess,plautus,poenulus,poenulus
plautus.pseudolus.tess,plautus,pseudolus,pseudolus
plautus.rudens.tess,plautus,rudens,rudens
plautus.stichus.tess,plautus,stichus,stichus
plautus.trinummus.tess,plautus,trinummus,trinummus
plautus.truculentus.tess,plautus,truculentus,truculentus
pliny_the_elder.naturalis_historia.part.1.books_1-5.tess,pliny_the_elder,naturalis_historia,books_1-5
pliny_the_elder.naturalis_historia.part.2.books_6-10.tess,pliny_the_elder,naturalis_historia,books_6-10
pliny_the_elder.naturalis_historia.part.3.books_11-15.tess,pliny_the_elder,naturalis_historia,books_11-15
pliny_the_elder.naturalis_historia.part.4.books_16-20.tess,pliny_the_elder,naturalis_historia,books_16-20
pliny_the_elder.naturalis_historia.part.5.books_21-25.tess,pliny_the_elder,naturalis_historia,books_21-25
pliny_the_elder.naturalis_historia.part.6.books_26-30.tess,pliny_the_elder,naturalis_historia,books_26-30
pliny_the_elder.naturalis_historia.part.7.books_31-37.tess,pliny_the_elder,naturalis_historia,books_31-37
pliny_the_younger.letters.part.1.tess,pliny_the_younger,letters,1
pliny_the_younger.letters.part.10.tess,pliny_the_younger,letters,10
pliny_the_younger.letters.part.2.tess,pliny_the_younger,letters,2
pliny_the_younger.letters.part.3.tess,pliny_the_younger,letters,3
pliny_the_younger.letters.part.4.tess,pliny_the_younger,letters,4
pliny_the_younger.letters.part.5.tess,pliny_the_younger,letters,5
pliny_the_younger.letters.part.6.tess,pliny_the_younger,letters,6
pliny_the_younger.letters.part.7.tess,pliny_the_younger,letters,7
pliny_the_younger.letters.part.8.tess,pliny_the_younger,letters,8
pliny_the_younger.letters.part.9.tess,pliny_the_younger,letters,9
polignac.antilucretius.tess,polignac,antilucretius,antilucretius
polignac.epia.tess,polignac,epia,epia
polignac.imitatio.tess,polignac,imitatio,imitatio
priscian.carmen_in_laudem_Anastasii_imperatoris.part.1.tess,priscian,carmen_in_laudem_Anastasii_imperatoris,1
priscian.carmen_in_laudem_Anastasii_imperatoris.part.preface.tess,priscian,carmen_in_laudem_Anastasii_imperatoris,preface
priscian.carmen_in_laudem_Anastasii_imperatoris.tess,priscian,carmen_in_laudem_Anastasii_imperatoris,carmen_in_laudem_Anastasii_imperatoris
priscian.perihegesis.tess,priscian,perihegesis,perihegesis
propertius.elegies.tess,propertius,elegies,elegies
prudentius.apotheosis.tess,prudentius,apotheosis,apotheosis
prudentius.contra_symmachum.part.1.tess,prudentius,contra_symmachum,1
prudentius.contra_symmachum.part.2.tess,prudentius,contra_symmachum,2
prudentius.dittochaeon.tess,prudentius,dittochaeon,dittochaeon
prudentius.epilogus.tess,prudentius,epilogus,epilogus
prudentius.hamartigenia.tess,prudentius,hamartigenia,hamartigenia
prudentius.psychomachia.tess,prudentius,psychomachia,psychomachia
pseudo_cicero.in_sallustium.tess,pseudo_cicero,in_sallustium,in_sallustium
pseudo_quintilian.major_declamations.tess,pseudo_quintilian,major_declamations,major_declamations
q_cicero.on_running_for_consul.tess,q_cicero,on_running_for_consul,on_running_for_consul
quintilian.institutio_oratoria.part.1.tess,quintilian,institutio_oratoria,1
quintilian.institutio_oratoria.part.10.tess,quintilian,institutio_oratoria,10
quintilian.institutio_oratoria.part.11.tess,quintilian,institutio_oratoria,11
quintilian.institutio_oratoria.part.12.tess,quintilian,institutio_oratoria,12
quintilian.institutio_oratoria.part.2.tess,quintilian,institutio_oratoria,2
quintilian.institutio_oratoria.part.3.tess,quintilian,institutio_oratoria,3
quintilian.institutio_oratoria.part.4.tess,quintilian,institutio_oratoria,4
quintilian.institutio_oratoria.part.5.tess,quintilian,institutio_oratoria,5
quintilian.institutio_oratoria.part.6.tess,quintilian,institutio_oratoria,6
quintilian.institutio_oratoria.part.7.tess,quintilian,institutio_oratoria,7
quintilian.institutio_oratoria.part.8.tess,quintilian,institutio_oratoria,8
quintilian.institutio_oratoria.part.9.tess,quintilian,institutio_oratoria,9
rutilius.de_reditu.tess,rutilius,de_reditu,de_reditu
sallust.catilina.tess,sallust,catilina,catilina
sallust.histories.tess,sallust,histories,histories
sallust.jugurtha.tess,sallust,jugurtha,jugurtha
scriptores_historiae_augustae.historia_augusta.part.1.books_1-5.tess,scriptores_historiae_augustae,historia_augusta,books_1-5
scriptores_historiae_augustae.historia_augusta.part.2.books_6-10.tess,scriptores_historiae_augustae,historia_augusta,books_6-10
scriptores_historiae_augustae.historia_augusta.part.3.books_11-15.tess,scriptores_historiae_augustae,historia_augusta,books_11-15
scriptores_historiae_augustae.historia_augusta.part.4.books_16-21.tess,scriptores_historiae_augustae,historia_augusta,books_16-21
seneca.ad_lucilium_epistulae_morales.part.1.1-10.tess,seneca,ad_lucilium_epistulae_morales,1-10
seneca.ad_lucilium_epistulae_morales.part.10.91-100.tess,seneca,ad_lucilium_epistulae_morales,91-100
seneca.ad_lucilium_epistulae_morales.part.11.101-110.tess,seneca,ad_lucilium_epistulae_morales,101-110
seneca.ad_lucilium_epistulae_morales.part.12.111-120.tess,seneca,ad_lucilium_epistulae_morales,111-120
seneca.ad_lucilium_epistulae_morales.part.13.121-124.tess,seneca,ad_lucilium_epistulae_morales,121-124
seneca.ad_lucilium_epistulae_morales.part.2.11-20.tess,seneca,ad_lucilium_epistulae_morales,11-20
seneca.ad_lucilium_epistulae_morales.part.3.21-30.tess,seneca,ad_lucilium_epistulae_morales,21-30
seneca.ad_lucilium_epistulae_morales.part.4.31-40.tess,seneca,ad_lucilium_epistulae_morales,31-40
seneca.ad_lucilium_epistulae_morales.part.5.41-50.tess,seneca,ad_lucilium_epistulae_morales,41-50
seneca.ad_lucilium_epistulae_morales.part.6.51-60.tess,seneca,ad_lucilium_epistulae_morales,51-60
seneca.ad_lucilium_epistulae_morales.part.7.61-70.tess,seneca,ad_lucilium_epistulae_morales,61-70
seneca.ad_lucilium_epistulae_morales.part.8.71-80.tess,seneca,ad_lucilium_epistulae_morales,71-80
seneca.ad_lucilium_epistulae_morales.part.9.81-90.tess,seneca,ad_lucilium_epistulae_morales,81-90
seneca.agamemnon.tess,seneca,agamemnon,agamemnon
seneca.apocolocyntosis.tess,seneca,apocolocyntosis,apocolocyntosis
seneca.de_beneficiis.part.1.tess,seneca,de_beneficiis,1
seneca.de_beneficiis.part.2.tess,seneca,de_beneficiis,2
seneca.de_beneficiis.part.3.tess,seneca,de_beneficiis,3
seneca.de_beneficiis.part.4.tess,seneca,de_beneficiis,4
seneca.de_beneficiis.part.5.tess,seneca,de_beneficiis,5
seneca.de_beneficiis.part.6.tess,seneca,de_beneficiis,6
seneca.de_beneficiis.part.7.tess,seneca,de_beneficiis,7
seneca.de_brevitate_vitae.tess,seneca,de_brevitate_vitae,de_brevitate_vitae
seneca.de_clementia.tess,seneca,de_clementia,de_clementia
seneca.de_consolatione_ad_helviam.tess,seneca,de_consolatione_ad_helviam,de_consolatione_ad_helviam
seneca.de_consolatione_ad_marciam.tess,seneca,de_consolatione_ad_marciam,de_consolatione_ad_marciam
seneca.de_consolatione_ad_polybium.tess,seneca,de_consolatione_ad_polybium,de_consolatione_ad_polybium
seneca.de_constantia.tess,seneca,de_constantia,de_constantia
seneca.de_ira.tess,seneca,de_ira,de_ira
seneca.de_otio.tess,seneca,de_otio,de_otio
seneca.de_providentia.tess,seneca,de_providentia,de_providentia
seneca.de_tranquillitate_animi.tess,seneca,de_tranquillitate_animi,de_tranquillitate_animi
seneca.de_vita_beata.tess,seneca,de_vita_beata,de_vita_beata
seneca.hercules_furens.tess,seneca,hercules_furens,hercules_furens
seneca.hercules_oetaeus.tess,seneca,hercules_oetaeus,hercules_oetaeus
seneca.medea.tess,seneca,medea,medea
seneca.octavia.tess,seneca,octavia,octavia
seneca.oedipus.tess,seneca,oedipus,oedipus
seneca.phaedra.tess,seneca,phaedra,phaedra
seneca.phoenissae.tess,seneca,phoenissae,phoenissae
seneca.thyestes.tess,seneca,thyestes,thyestes
seneca.troades.tess,seneca,troades,troades
seneca_the_elder.controversiae.part.1.tess,seneca_the_elder,controversiae,1
seneca_the_elder.controversiae.part.10.tess,seneca_the_elder,controversiae,10
seneca_the_elder.controversiae.part.2.tess,seneca_the_elder,controversiae,2
seneca_the_elder.controversiae.part.7.tess,seneca_the_elder,controversiae,7
seneca_the_elder.controversiae.part.8.tess,seneca_the_elder,controversiae,8
seneca_the_elder.excerpta_controversiae.tess,seneca_the_elder,excerpta_controversiae,excerpta_controversiae
seneca_the_elder.fragmenta.tess,seneca_the_elder,fragmenta,fragmenta
seneca_the_elder.suasoriae.tess,seneca_the_elder,suasoriae,suasoriae
servius_honoratus.in_virgilii_georgicon_libros_commentarius.part.1.tess,servius_honoratus,in_virgilii_georgicon_libros_commentarius,1
servius_honoratus.in_virgilii_georgicon_libros_commentarius.part.2.tess,servius_honoratus,in_virgilii_georgicon_libros_commentarius,2
servius_honoratus.in_virgilii_georgicon_libros_commentarius.part.3.tess,servius_honoratus,in_virgilii_georgicon_libros_commentarius,3
servius_honoratus.in_virgilii_georgicon_libros_commentarius.part.4.tess,servius_honoratus,in_virgilii_georgicon_libros_commentarius,4
silius_italicus.punica.part.1.tess,silius_italicus,punica,1
silius_italicus.punica.part.10.tess,silius_italicus,punica,10
silius_italicus.punica.part.11.tess,silius_italicus,punica,11
silius_italicus.punica.part.12.tess,silius_italicus,punica,12
silius_italicus.punica.part.13.tess,silius_italicus,punica,13
silius_italicus.punica.part.14.tess,silius_italicus,punica,14
silius_italicus.punica.part.15.tess,silius_italicus,punica,15
silius_italicus.punica.part.16.tess,silius_italicus,punica,16
silius_italicus.punica.part.17.tess,silius_italicus,punica,17
silius_italicus.punica.part.2.tess,silius_italicus,punica,2
silius_italicus.punica.part.3.tess,silius_italicus,punica,3
silius_italicus.punica.part.4.tess,silius_italicus,punica,4
silius_italicus.punica.part.5.tess,silius_italicus,punica,5
silius_italicus.punica.part.6.tess,silius_italicus,punica,6
silius_italicus.punica.part.7.tess,silius_italicus,punica,7
silius_italicus.punica.part.8.tess,silius_italicus,punica,8
silius_italicus.punica.part.9.tess,silius_italicus,punica,9
statius.achilleid.tess,statius,achilleid,achilleid
statius.silvae.part.1.tess,statius,silvae,1
statius.silvae.part.2.tess,statius,silvae,2
statius.silvae.part.3.tess,statius,silvae,3
statius.silvae.part.4.tess,statius,silvae,4
statius.silvae.part.5.tess,statius,silvae,5
statius.thebaid.part.1.tess,statius,thebaid,1
statius.thebaid.part.10.tess,statius,thebaid,10
statius.thebaid.part.11.tess,statius,thebaid,11
statius.thebaid.part.12.tess,statius,thebaid,12
statius.thebaid.part.2.tess,statius,thebaid,2
statius.thebaid.part.3.tess,statius,thebaid,3
statius.thebaid.part.4.tess,statius,thebaid,4
statius.thebaid.part.5.tess,statius,thebaid,5
statius.thebaid.part.6.tess,statius,thebaid,6
statius.thebaid.part.7.tess,statius,thebaid,7
statius.thebaid.part.8.tess,statius,thebaid,8
statius.thebaid.part.9.tess,statius,thebaid,9
suetonius.de_vita_caesarum.part.1.julius.tess,suetonius,de_vita_caesarum,julius
suetonius.de_vita_caesarum.part.10.vespasian.tess,suetonius,de_vita_caesarum,vespasian
suetonius.de_vita_caesarum.part.11.titus.tess,suetonius,de_vita_caesarum,titus
suetonius.de_vita_caesarum.part.12.domitian.tess,suetonius,de_vita_caesarum,domitian
suetonius.de_vita_caesarum.part.2.augustus.tess,suetonius,de_vita_caesarum,augustus
suetonius.de_vita_caesarum.part.3.tiberius.tess,suetonius,de_vita_caesarum,tiberius
suetonius.de_vita_caesarum.part.4.caligula.tess,suetonius,de_vita_caesarum,caligula
suetonius.de_vita_caesarum.part.5.claudius.tess,suetonius,de_vita_caesarum,claudius
suetonius.de_vita_caesarum.part.6.nero.tess,suetonius,de_vita_caesarum,nero
suetonius.de_vita_caesarum.part.7.galba.tess,suetonius,de_vita_caesarum,galba
suetonius.de_vita_caesarum.part.8.otho.tess,suetonius,de_vita_caesarum,otho
suetonius.de_vita_caesarum.part.9.vitellius.tess,suetonius,de_vita_caesarum,vitellius
tacitus.agricola.tess,tacitus,agricola,agricola
tacitus.annales.part.1.tess,tacitus,annales,1
tacitus.annales.part.11.tess,tacitus,annales,11
tacitus.annales.part.12.tess,tacitus,annales,12
tacitus.annales.part.13.tess,tacitus,annales,13
tacitus.annales.part.14.tess,tacitus,annales,14
tacitus.annales.part.15.tess,tacitus,annales,15
tacitus.annales.part.16.tess,tacitus,annales,16
tacitus.annales.part.2.tess,tacitus,annales,2
tacitus.annales.part.3.tess,tacitus,annales,3
tacitus.annales.part.4.tess,tacitus,annales,4
tacitus.annales.part.5.tess,tacitus,annales,5
tacitus.annales.part.6.tess,tacitus,annales,6
tacitus.de_origine_et_situ_germanorum_liber.tess,tacitus,de_origine_et_situ_germanorum_liber,de_origine_et_situ_germanorum_liber
tacitus.dialogus_de_oratoribus.tess,tacitus,dialogus_de_oratoribus,dialogus_de_oratoribus
tacitus.historiae.part.1.tess,tacitus,historiae,1
tacitus.historiae.part.2.tess,tacitus,historiae,2
tacitus.historiae.part.3.tess,tacitus,historiae,3
tacitus.historiae.part.4.tess,tacitus,historiae,4
tacitus.historiae.part.5.tess,tacitus,historiae,5
terence.adelphi.tess,terence,adelphi,adelphi
terence.andria.tess,terence,andria,andria
terence.eunuchus.tess,terence,eunuchus,eunuchus
terence.heautontimorumenos.tess,terence,heautontimorumenos,heautontimorumenos
terence.hecyra.tess,terence,hecyra,hecyra
terence.phormio.tess,terence,phormio,phormio
tertullian.apologeticum.tess,tertullian,apologeticum,apologeticum
tertullian.de_spectaculis.tess,tertullian,de_spectaculis,de_spectaculis
tibullus.elegies.tess,tibullus,elegies,elegies
valerius_flaccus.argonautica.part.1.tess,valerius_flaccus,argonautica,1
valerius_flaccus.argonautica.part.2.tess,valerius_flaccus,argonautica,2
valerius_flaccus.argonautica.part.3.tess,valerius_flaccus,argonautica,3
valerius_flaccus.argonautica.part.4.tess,valerius_flaccus,argonautica,4
valerius_flaccus.argonautica.part.5.tess,valerius_flaccus,argonautica,5
valerius_flaccus.argonautica.part.6.tess,valerius_flaccus,argonautica,6
valerius_flaccus.argonautica.part.7.tess,valerius_flaccus,argonautica,7
valerius_flaccus.argonautica.part.8.tess,valerius_flaccus,argonautica,8
valerius_maximus.facta_et_dicta_memorabilia.part.1.tess,valerius_maximus,facta_et_dicta_memorabilia,1
valerius_maximus.facta_et_dicta_memorabilia.part.2.tess,valerius_maximus,facta_et_dicta_memorabilia,2
valerius_maximus.facta_et_dicta_memorabilia.part.3.tess,valerius_maximus,facta_et_dicta_memorabilia,3
valerius_maximus.facta_et_dicta_memorabilia.part.4.tess,valerius_maximus,facta_et_dicta_memorabilia,4
valerius_maximus.facta_et_dicta_memorabilia.part.5.tess,valerius_maximus,facta_et_dicta_memorabilia,5
valerius_maximus.facta_et_dicta_memorabilia.part.6.tess,valerius_maximus,facta_et_dicta_memorabilia,6
valerius_maximus.facta_et_dicta_memorabilia.part.7.tess,valerius_maximus,facta_et_dicta_memorabilia,7
valerius_maximus.facta_et_dicta_memorabilia.part.8.tess,valerius_maximus,facta_et_dicta_memorabilia,8
valerius_maximus.facta_et_dicta_memorabilia.part.9.tess,valerius_maximus,facta_et_dicta_memorabilia,9
vergil.aeneid.part.1.tess,vergil,aeneid,1
vergil.aeneid.part.10.tess,vergil,aeneid,10
vergil.aeneid.part.11.tess,vergil,aeneid,11
vergil.aeneid.part.12.tess,vergil,aeneid,12
vergil.aeneid.part.2.tess,vergil,aeneid,2
vergil.aeneid.part.3.tess,vergil,aeneid,3
vergil.aeneid.part.4.tess,vergil,aeneid,4
vergil.aeneid.part.5.tess,vergil,aeneid,5
vergil.aeneid.part.6.tess,vergil,aeneid,6
vergil.aeneid.part.7.tess,vergil,aeneid,7
vergil.aeneid.part.8.tess,vergil,aeneid,8
vergil.aeneid.part.9.tess,vergil,aeneid,9
vergil.eclogues.tess,vergil,eclogues,eclogues
vergil.georgics.part.1.tess,vergil,georgics,1
vergil.georgics.part.2.tess,vergil,georgics,2
vergil.georgics.part.3.tess,vergil,georgics,3
vergil.georgics.part.4.tess,vergil,georgics,4
vitruvius.de_architectura.part.1.tess,vitruvius,de_architectura,1
vitruvius.de_architectura.part.10.tess,vitruvius,de_architectura,10
vitruvius.de_architectura.part.2.tess,vitruvius,de_architectura,2
vitruvius.de_architectura.part.3.tess,vitruvius,de_architectura,3
vitruvius.de_architectura.part.4.tess,vitruvius,de_architectura,4
vitruvius.de_architectura.part.5.tess,vitruvius,de_architectura,5
vitruvius.de_architectura.part.6.tess,vitruvius,de_architectura,6
vitruvius.de_architectura.part.7.tess,vitruvius,de_architectura,7
vitruvius.de_architectura.part.8.tess,vitruvius,de_architectura,8
vitruvius.de_architectura.part.9.tess,vitruvius,de_architectura,9
